task,model,best_lr,best_epoch,mcc_mean,mcc_std,accuracy_mean,accuracy_std,f1_mean,f1_std,precision_mean,precision_std,recall_mean,recall_std,replicate_count,source_files,same_source_file,num_source_files
H2AFZ,DNABERT,3e-05,3.0,0.503702717861946,0.010734815177357096,0.7468888888888889,0.006167417371723492,0.7446701630302822,0.006671412055885986,0.7565190505696746,0.004645627823262999,0.747271511899746,0.006131881440816535,3,combined_results_orig_07.21.2025.csv,True,1
H2AFZ,DNABERT2,3e-05,3.0,0.5245071254409542,0.010394481242649753,0.7563333333333333,0.00857645355351245,0.7537898917952617,0.010248026558387973,0.7679618067201625,0.003771681186022164,0.7567121073937183,0.008395014100098425,4,combined_results_orig_07.21.2025.csv,True,1
H2AFZ,GPT,3e-05,3.0,0.4834125615697123,0.010420523746466,0.737111111111111,0.006158402871356043,0.7348968161928463,0.006768103248611675,0.7460055632009069,0.004324657618285435,0.7374855775470186,0.0061146547942910875,3,combined_results_orig_07.21.2025.csv,True,1
H2AFZ,NTv2,0.0001,3.0,0.5263044120575803,0.019692491418791327,0.7605555555555555,0.010777205024872975,0.7595316008835771,0.011290765105896923,0.7655087062529006,0.009016990553597507,0.7608206175743257,0.010723912334019096,3,combined_results_orig_07.21.2025.csv,True,1
H3K27ac,DNABERT,3e-05,3.0,0.4551003179218534,0.007613857044936322,0.7242161716171617,0.003175495940251818,0.7222078892393212,0.005834283626231299,0.7310171565582989,0.00881800231616326,0.7242161716171617,0.0031754959402518256,3,combined_results_orig_07.21.2025.csv,True,1
H3K27ac,DNABERT2,3e-05,3.0,0.49990228796463415,0.008630222381254658,0.7464418316831682,0.005769127999565628,0.7446387330495503,0.006818346672675022,0.7535295883920095,0.003989711718779738,0.7464418316831682,0.005769127999565628,4,combined_results_orig_07.21.2025.csv,True,1
H3K27ac,GPT,3e-05,3.0,0.44538996907568434,0.025851003242563363,0.7217409240924093,0.013233510670252007,0.7211284330725799,0.013501291886779386,0.7236535943803357,0.012615011871217469,0.7217409240924093,0.01323351067025198,3,combined_results_orig_07.21.2025.csv,True,1
H3K27ac,NTv2,0.0001,3.0,0.5036918612001949,0.009060046279212414,0.7508250825082508,0.005152638612539932,0.7503118465795081,0.005486674636447601,0.7528721266275746,0.003910264483131864,0.7508250825082508,0.005152638612539932,3,combined_results_orig_07.21.2025.csv,True,1
H3K27me3,DNABERT,3e-05,3.0,0.5679671900633795,0.006862412394353339,0.7743333333333333,0.006806859285553999,0.7708181441410397,0.008754410376956944,0.7934317020962176,0.005914064425019467,0.7749045053277456,0.006653397995766445,3,combined_results_orig_07.21.2025.csv,True,1
H3K27me3,DNABERT2,3e-05,3.0,0.6091725923186244,0.00588562256924429,0.7986666666666666,0.003254626336861521,0.796940730852193,0.00363076381174359,0.8101745392720213,0.00393640114580541,0.7991087361458095,0.0032171043268239843,4,combined_results_orig_07.21.2025.csv,True,1
H3K27me3,GPT,3e-05,3.0,0.5550683264666202,0.0033411216921593583,0.7711111111111112,0.0016442942874387537,0.7687725448377206,0.001744141746570271,0.7836026772136112,0.0019803599459663327,0.7715966555123496,0.001638656219248196,3,combined_results_orig_07.21.2025.csv,True,1
H3K27me3,NTv2,0.0001,3.0,0.6194560946031596,0.00859964074204596,0.8007777777777778,0.007026405223894417,0.7981524660942618,0.00804696104945612,0.8183923823833835,0.002273870232623072,0.801319450956932,0.006938293731070974,3,combined_results_orig_07.21.2025.csv,True,1
H3K36me3,DNABERT,3e-05,3.0,0.5722673490477773,0.005227337750877837,0.778,0.0023333333333332984,0.7745460326978179,0.0022890501406432565,0.7950176594064553,0.0029167856029605256,0.7775173291661556,0.0023276570409174204,3,combined_results_orig_07.21.2025.csv,True,1
H3K36me3,DNABERT2,3e-05,3.0,0.6272436467352244,0.004811518803532162,0.8109999999999999,0.0022771001702132317,0.8100790329447566,0.00234309859628006,0.8165347275608809,0.002930891195590954,0.8107383051462157,0.0022798280206754126,4,combined_results_orig_07.21.2025.csv,True,1
H3K36me3,GPT,3e-05,3.0,0.5393220622273167,0.0037409883656489575,0.7616666666666667,0.0009999999999999731,0.7577953754173609,0.000654243441227448,0.7784263551135497,0.0028325559875425604,0.7611735121095271,0.0009760402064974393,3,combined_results_orig_07.21.2025.csv,True,1
H3K36me3,NTv2,0.0001,3.0,0.6617702314772362,0.0037077148106196742,0.8284444444444444,0.0023648662948658316,0.827700296159664,0.002533576873734624,0.8335968742597325,0.0014319818667726492,0.828196362252907,0.0023920220453684015,3,combined_results_orig_07.21.2025.csv,True,1
H3K4me1,DNABERT,3e-05,3.0,0.4667684618716053,0.007592357581591773,0.7268888888888889,0.0025891511550512974,0.7227551998114223,0.0024962182322599315,0.7404973913184977,0.005633834777962951,0.7264925165835177,0.002573565096454818,3,combined_results_orig_07.21.2025.csv,True,1
H3K4me1,DNABERT2,3e-05,3.0,0.5060732804771871,0.007276226709469,0.7488333333333334,0.004426352063787171,0.7465040658390616,0.0050561145441744,0.7576372953567809,0.0034861950994222557,0.7485266502961144,0.0044670004719128045,4,combined_results_orig_07.21.2025.csv,True,1
H3K4me1,GPT,3e-05,3.0,0.4310549601353901,0.0018417763564063225,0.7112222222222222,0.0008388704928078496,0.7080119593375618,0.0020592552596856587,0.7202823777934139,0.002798428960446947,0.7108853061330311,0.0009049378081593293,3,combined_results_orig_07.21.2025.csv,True,1
H3K4me1,NTv2,0.0001,3.0,0.513355343217162,0.006861471342851761,0.7515555555555555,0.006076670628389024,0.748799358420546,0.00784037251461435,0.762283774746578,0.0036928945619950234,0.7512290877306045,0.006171871475730558,3,combined_results_orig_07.21.2025.csv,True,1
H3K4me2,DNABERT,3e-05,3.0,0.5360438422223266,0.010572743702983046,0.7627065793576552,0.00375154643452328,0.7603690068176178,0.0033147267005446826,0.7734548126467512,0.007138320854444378,0.7627065793576552,0.003751546434523208,3,combined_results_orig_07.21.2025.csv,True,1
H3K4me2,DNABERT2,3e-05,3.0,0.5747465669805445,0.005678690082986727,0.782156220767072,0.003040224508886811,0.7801768421412105,0.0034550412395256383,0.792697423585855,0.003888409787304118,0.782156220767072,0.0030402245088868387,4,combined_results_orig_07.21.2025.csv,True,1
H3K4me2,GPT,3e-05,3.0,0.5339537390221877,0.0070286880520749875,0.7581852198316184,0.009354536950420989,0.7541130595067603,0.012495965496725069,0.7761954840003197,0.005657969242227054,0.7581852198316184,0.00935453695042096,3,combined_results_orig_07.21.2025.csv,True,1
H3K4me2,NTv2,0.0001,3.0,0.5622433948779576,0.006503201727662985,0.7772061116308077,0.005461265945786446,0.7756326842019305,0.006541703170686105,0.785113501216664,0.0028432444450010325,0.7772061116308077,0.005461265945786385,3,combined_results_orig_07.21.2025.csv,True,1
H3K4me3,DNABERT,3e-05,3.0,0.6155029890545611,0.008513596028510574,0.8075601374570448,0.004142461667093179,0.8075011315451538,0.004110402760296981,0.8079431227252171,0.004384548023221713,0.8075601374570448,0.004142461667093179,3,combined_results_orig_07.21.2025.csv,True,1
H3K4me3,DNABERT2,3e-05,10.0,0.6335880753896765,0.011149544269337836,0.8157216494845361,0.004556100394243203,0.8154193187133387,0.004302229061883914,0.8178736910593761,0.006672161640606837,0.8157216494845361,0.004556100394243203,5,combined_results_orig_07.21.2025.csv,True,1
H3K4me3,GPT,3e-05,3.0,0.5813521222081933,0.013191090615772144,0.7903780068728522,0.006612888452895522,0.7902702519997534,0.006625567070575691,0.7909746418441537,0.00659252601725052,0.7903780068728522,0.006612888452895522,3,combined_results_orig_07.21.2025.csv,True,1
H3K4me3,NTv2,0.0001,3.0,0.6444492364420615,0.011884894295163614,0.8221649484536083,0.005905381050200822,0.8221488249638242,0.005895968614720425,0.8222843036883768,0.005979679937802359,0.8221649484536083,0.005905381050200804,3,combined_results_orig_07.21.2025.csv,True,1
H3K9ac,DNABERT,3e-05,3.0,0.5039759912735847,0.014745514112770145,0.7496679946879151,0.005485628035145515,0.7485467889133689,0.004609325128930755,0.7543391117876349,0.009307834322103418,0.7496679946879151,0.005485628035145515,3,combined_results_orig_07.21.2025.csv,True,1
H3K9ac,DNABERT2,3e-05,10.0,0.5548100933082296,0.015662676949581743,0.7764940239043824,0.008380750584845654,0.776114440667257,0.0086603239959977,0.7783216726500811,0.007349926874324103,0.7764940239043824,0.008380750584845654,5,combined_results_orig_07.21.2025.csv,True,1
H3K9ac,GPT,3e-05,3.0,0.49512325735544066,0.015210803864692292,0.746347941567065,0.00925455502308522,0.745686922542187,0.010172916058415608,0.7487894583060634,0.005947884157901059,0.746347941567065,0.00925455502308522,3,combined_results_orig_07.21.2025.csv,True,1
H3K9ac,NTv2,0.0001,3.0,0.5558616147234879,0.00860331972097178,0.7775564409030545,0.004706987675550402,0.7774025952976271,0.00488779863478571,0.7783066658403589,0.003955831803592916,0.7775564409030545,0.004706987675550402,3,combined_results_orig_07.21.2025.csv,True,1
H3K9me3,DNABERT,3e-05,3.0,0.43298890464951484,0.014700610984422244,0.7141176470588236,0.006550311015094148,0.7125695526267464,0.006817585158337556,0.7189278764681065,0.009277664781026396,0.7141176470588236,0.006550311015094148,3,combined_results_orig_07.21.2025.csv,True,1
H3K9me3,DNABERT2,3e-05,3.0,0.4946439268961259,0.01296774945813679,0.7464705882352941,0.006262242910851528,0.7460382852462493,0.006175299536373168,0.7481770168849987,0.006736665232164789,0.7464705882352941,0.006262242910851528,4,combined_results_orig_07.21.2025.csv,True,1
H3K9me3,GPT,3e-05,3.0,0.38822954573617957,0.012533633508856055,0.6909803921568628,0.006037178164055176,0.688489263929871,0.005985751572685228,0.6973007630039971,0.006507021787830898,0.6909803921568627,0.0060371781640552345,3,combined_results_orig_07.21.2025.csv,True,1
H3K9me3,NTv2,0.0001,3.0,0.49945449646403905,0.02051942638737318,0.7494117647058823,0.010051769112138292,0.7492585898524955,0.009969304897342811,0.7500433933962655,0.01047428211501226,0.7494117647058823,0.010051769112138292,3,combined_results_orig_07.21.2025.csv,True,1
H4K20me1,DNABERT,3e-05,3.0,0.6087955980596119,0.004240368066630951,0.7998531571218797,0.004710430229763712,0.7983414484098841,0.0056672264632920775,0.8090300519322726,0.0017233502551652722,0.7998531571218797,0.004710430229763794,3,combined_results_orig_07.21.2025.csv,True,1
H4K20me1,DNABERT2,3e-05,3.0,0.6570454805058659,0.003866679079828429,0.8212922173274596,0.0029986164253541746,0.8193212944147016,0.0033361099846046577,0.835918920351693,0.000983109996241113,0.8212922173274597,0.0029986164253542526,3,combined_results_orig_07.21.2025.csv,True,1
H4K20me1,GPT,3e-05,3.0,0.5877129112126828,0.003286238940030439,0.7910425844346549,0.0017803752794393391,0.7900407132981395,0.0025270892694880687,0.7967120716569355,0.0038990992425386494,0.7910425844346549,0.0017803752794393391,3,combined_results_orig_07.21.2025.csv,True,1
H4K20me1,NTv2,0.0001,3.0,0.674456758870083,0.011457019776189868,0.8302496328928047,0.007454355445813273,0.8284736048933703,0.00808165081441175,0.8443687449997115,0.004727003592821778,0.8302496328928047,0.0074543554458132485,3,combined_results_orig_07.21.2025.csv,True,1
covid,DNABERT,0.0001,9.0,0.3886971699184925,0.02622148576352521,0.45619857890800297,0.022970062751670878,0.45765439176500866,0.022874604527899533,0.4710429049589961,0.02620586419054381,0.4602615752983599,0.022673595542111097,7,combined_results_orig_07.21.2025.csv,True,1
covid,DNABERT2,2e-05,5.0,0.4008966741588992,0.3138929218907591,0.47034249563699826,0.27571952932618177,0.44125121334649986,0.3186399304348889,0.44893991532936817,0.3213829116703368,0.4688203245807541,0.2800929082422577,10,covid_repeated.csv,True,1
covid,GPT,3e-05,4.0,0.5494243871104766,0.013276716178501973,0.6008216986620128,0.011714612291273551,0.6050149616419808,0.01152870982564947,0.6112389812012513,0.01200332856005995,0.6016387944500516,0.011812714059552512,6,combined_results_orig_07.21.2025.csv,True,1
covid,NTv2,0.0001,30.0,0.498117194583226,0.023125986545672834,0.5548102094240838,0.020505221787392367,0.5575598478979849,0.020959637489228137,0.5630700015544898,0.022280382560346295,0.55697474982162,0.02017322997152668,10,combined_results_orig_07.21.2025.csv,True,1
demo_coding_vs_intergenomic,DNABERT,3e-05,4.0,0.7333762471786469,0.005623984825412462,0.86662,0.0028154928520598066,0.8666158362501944,0.0028190309799497743,0.8667119637390217,0.0028000117783058055,0.8666642865500409,0.0028241718928995628,5,dnabert1_bridges_gb_anisa_replicates.csv,True,1
demo_coding_vs_intergenomic,DNABERT2,3e-05,6.0,0.8955916052285614,0.008274114065801447,0.9477666666666666,0.004116734142496935,0.9477635010815033,0.004117235002803023,0.9478160688529687,0.004143729472625165,0.9477755410015091,0.004130827893771476,9,combined_results_repeated_07.21.2025.csv,True,1
demo_coding_vs_intergenomic,GPT,0.0001,4.0,0.6586660226247194,0.10272588395589251,0.8273199999999999,0.05493293183510234,0.8261322115178686,0.05715380695360245,0.8316967100368127,0.04737068146158231,0.8270567257795631,0.05527956959481304,5,"combined_results_repeated_07.21.2025.csv, combined_results_orig_07.21.2025.csv",False,2
demo_coding_vs_intergenomic,NTv2,0.0001,4.0,0.8065474761340291,0.039540892445336547,0.9030428571428571,0.019906519630752247,0.902988094195518,0.019957677512710954,0.9035714609481172,0.0195363323031796,0.9029764029866035,0.020004907453128384,7,"combined_results_repeated_07.21.2025.csv, combined_results_orig_07.21.2025.csv",False,2
demo_human_or_worm,DNABERT,3e-05,4.0,0.8199367243039077,0.0020290523963684822,0.9097200000000001,0.0009654014708917611,0.9097152236199552,0.0009633037729805781,0.910043269217024,0.0010638904493876999,0.9098934925474309,0.0009752624402794349,5,dnabert1_bridges_gb_anisa_replicates.csv,True,1
demo_human_or_worm,DNABERT2,3e-05,6.0,0.9489147065634166,0.002709147059866109,0.9744333333333333,0.00137295302177459,0.9744278516854331,0.0013730393261344117,0.9745029599536628,0.0013533267625801468,0.9744117670029563,0.0013620842450045808,9,combined_results_repeated_07.21.2025.csv,True,1
demo_human_or_worm,GPT,0.0001,4.0,0.8361148032929798,0.0948382858254516,0.9174166666666667,0.048020221435002404,0.9173686701033549,0.048082932675049,0.91843508069887,0.04699556671701819,0.9176807442686435,0.04784346844819892,6,"combined_results_repeated_07.21.2025.csv, combined_results_orig_07.21.2025.csv",False,2
demo_human_or_worm,NTv2,0.0001,4.0,0.8649093007472803,0.002857977010205605,0.932275,0.0013375973484822381,0.9322705517277066,0.0013410489271552524,0.9325037674356769,0.0014505945015683406,0.9324055442412049,0.0014092485418344238,4,combined_results_orig_07.21.2025.csv,True,1
drosophilia_enhancers,DNABERT,3e-05,6.0,0.0,0.0,0.5267727930535456,0.0,0.3450236966824644,0.0,0.2633863965267728,0.0,0.5,0.0,10,combined_results_repeated_07.21.2025.csv,True,1
drosophilia_enhancers,DNABERT2,3e-05,4.0,0.5159370614950269,0.009953959540435408,0.7543415340086831,0.0038060139503279123,0.754255704078105,0.0037174797330811115,0.758593438673967,0.005514619329911392,0.7573459606143093,0.004444471884397023,4,combined_results_orig_07.21.2025.csv,True,1
drosophilia_enhancers,GPT,0.0001,4.0,0.18277891774398164,0.0956197360174629,0.5947901591895803,0.04410134972750369,0.5779408121070597,0.05655769093758141,0.5955924808776034,0.04544382473375603,0.5875245740498034,0.05003077384497335,4,"combined_results_repeated_07.21.2025.csv, combined_results_orig_07.21.2025.csv",False,2
dummy_mouse_enhancers,DNABERT,3e-05,4.0,0.25715699677995973,0.035754966809960216,0.6297520661157024,0.017916928420395706,0.6273925885412179,0.01805179720941177,0.6281373802602616,0.017724549166742418,0.629021558872305,0.018034322844457565,5,dnabert1_bridges_gb_anisa_replicates.csv,True,1
dummy_mouse_enhancers,DNABERT2,3e-05,10.0,0.48169140587159714,0.03634136784272446,0.715702479338843,0.023809686431219744,0.7131156501403512,0.026270549799391047,0.7497166030917349,0.018620325818696666,0.7325041459369818,0.020765493303043062,5,combined_results_orig_07.21.2025.csv,True,1
dummy_mouse_enhancers,GPT,0.0001,4.0,0.3673287466517296,0.03425352456594874,0.6790633608815426,0.02303201649154654,0.67734546141185,0.023917513629822116,0.6841190803217928,0.015396965692572456,0.6832504145936982,0.01904525503256187,6,"combined_results_repeated_07.21.2025.csv, combined_results_orig_07.21.2025.csv",False,2
dummy_mouse_enhancers,NTv2,0.0001,4.0,0.3898605529717352,0.1083240850376656,0.6934635612321564,0.05167167201818002,0.6904814192344125,0.05439034374100666,0.69526062253404,0.05313723086657215,0.6946203326800342,0.055183550918882184,11,"combined_results_repeated_07.21.2025.csv, combined_results_orig_07.21.2025.csv",False,2
enhancers,DNABERT,3e-05,3.0,0.5388951809244649,0.016736097676662256,0.7614444444444445,0.007373626676905313,0.7599201489270132,0.007355052599848842,0.7743604704870227,0.009808495729745254,0.7646356652672187,0.007486210503665595,3,combined_results_orig_07.21.2025.csv,True,1
enhancers,DNABERT2,3e-05,3.0,0.5232865815808331,0.008948885697153651,0.755,0.004841946348778032,0.7537900351662795,0.005081408287849598,0.7654309658069621,0.004532469200466291,0.7579130651678322,0.004700024854306775,3,combined_results_orig_07.21.2025.csv,True,1
enhancers,GPT,3e-05,3.0,0.47509579644516736,0.011699607488436894,0.7305555555555555,0.006994706993572023,0.7289603326656939,0.007583968676205649,0.7415430532055173,0.005365289563231263,0.7336258130760377,0.006637433457550622,3,combined_results_orig_07.21.2025.csv,True,1
enhancers,NTv2,0.0001,3.0,0.5994139391467103,0.0013386528989586812,0.7973333333333333,0.002027587510099375,0.7971609461619873,0.0021673309011578457,0.8006255706015595,0.0008890889697777222,0.7987929779355228,0.0013150124127083997,3,combined_results_orig_07.21.2025.csv,True,1
enhancers_types,DNABERT,3e-05,3.0,0.4946447927098044,0.021393430936742397,0.7277777777777777,0.010838887465117504,0.5205039159811851,0.027672846062971438,0.7159310988372037,0.11368259104329793,0.5235205765508796,0.01829264509485418,3,combined_results_orig_07.21.2025.csv,True,1
enhancers_types,DNABERT2,3e-05,3.0,0.4925183953570624,0.002358534305583409,0.7274444444444444,0.0022194427061597464,0.5816680584538623,0.008834288436304828,0.6230755065075863,0.011922736083366092,0.5687122866267251,0.013329296423740368,3,combined_results_orig_07.21.2025.csv,True,1
enhancers_types,GPT,3e-05,3.0,0.4466320257658933,0.003409876101068081,0.6983333333333333,0.004630814663150006,0.48164145092325406,0.013934197346915764,0.5161590782247222,0.06175487921385615,0.4938428592617541,0.006763872688336052,3,combined_results_orig_07.21.2025.csv,True,1
enhancers_types,NTv2,0.0001,3.0,0.5717880299927178,0.004639222889039862,0.771,0.0010000000000000286,0.6148519501646029,0.009666400053457877,0.7020601509927079,0.00368776528265892,0.5937824596469873,0.008093587210541141,3,combined_results_orig_07.21.2025.csv,True,1
human_enhancers_cohn,DNABERT,3e-05,4.0,0.3054017963082528,0.010636351401695835,0.6521770421014754,0.005190264790728206,0.6510378179002918,0.004794381893854525,0.6535818682221776,0.005814671896039456,0.6518287028642771,0.004916293450263726,10,anisa_finetune_results_with_lr_06.11.2025.csv,True,1
human_enhancers_cohn,DNABERT2,3e-05,6.0,0.49258630715680607,0.006262119240400799,0.7460237495501979,0.0034672839891274647,0.7457352766633146,0.00352410448589165,0.7467079920867372,0.003033419268136209,0.7458797718524812,0.003288201071956433,10,combined_results_repeated_07.21.2025.csv,True,1
human_enhancers_cohn,GPT,0.0001,4.0,0.36480431364722715,0.013814635228033478,0.6821398584622766,0.006761449549700039,0.681804922843682,0.0068201182659230405,0.6827178424183716,0.0069123413819495855,0.682087346032371,0.006912276818795876,6,"combined_results_repeated_07.21.2025.csv, combined_results_orig_07.21.2025.csv",False,2
human_enhancers_cohn,NTv2,0.0001,4.0,0.36767672883379104,0.024756396006935535,0.6818018253786516,0.012017947789078127,0.6806965383610675,0.012273090097854131,0.6853151952930836,0.012727304053942661,0.6823870435719187,0.012257195788127773,11,"combined_results_repeated_07.21.2025.csv, combined_results_orig_07.21.2025.csv",False,2
human_enhancers_ensembl,DNABERT,3e-05,4.0,0.6092223490382617,0.006048039879647297,0.8044368380263498,0.0032837103684685014,0.8043487448901534,0.0034143211761650297,0.8048352824272993,0.0027294137338212594,0.8043878566048045,0.0033539006467964067,10,anisa_finetune_results_with_lr_06.11.2025.csv,True,1
human_enhancers_ensembl,DNABERT2,3e-05,6.0,0.8052164862572928,0.006648809468941556,0.9024993541720485,0.0034050441289477378,0.9024873042387016,0.0034150838187021085,0.9027001010820215,0.0032482188107815237,0.902516432951155,0.003402315870469165,10,combined_results_repeated_07.21.2025.csv,True,1
human_enhancers_ensembl,GPT,0.0001,4.0,0.6308777461811584,0.06366748384060383,0.8146581417377078,0.032996977946846175,0.8143791430579223,0.03341911341566624,0.816163361405967,0.030851563064705146,0.814723332558576,0.03284233302605504,6,"combined_results_repeated_07.21.2025.csv, combined_results_orig_07.21.2025.csv",False,2
human_enhancers_ensembl,NTv2,0.0001,4.0,0.6690348520669346,0.08429979588322291,0.8344189393659815,0.042140796405254165,0.8343774677411064,0.04212806800595916,0.8346594062393742,0.04219369072268595,0.8343755570800706,0.04210660675645405,7,"combined_results_repeated_07.21.2025.csv, combined_results_orig_07.21.2025.csv",False,2
human_ensembl_regulatory,DNABERT,3e-05,4.0,0.4450646652051284,0.0022089364637471612,0.7709402892133121,0.0008358086247036153,0.7040033543486959,0.0025876447019948664,0.762182606658764,0.0036317443262271288,0.6889050823898348,0.002738640075345063,5,dnabert1_bridges_gb_anisa_replicates.csv,True,1
human_ensembl_regulatory,DNABERT2,3e-05,4.0,0.44726071081152474,0.011644485708448957,0.7714073202795267,0.004312523291307672,0.7046371797793226,0.013010248485760803,0.7637796891339119,0.010514568265056848,0.6900033901368927,0.012417116208163218,10,anisa_finetune_results_with_lr_06.11.2025.csv,True,1
human_ensembl_regulatory,GPT,0.0001,1.0,0.7299571163859175,0.0182618767001722,0.8833460181277243,0.007913388183717207,0.863464024719978,0.009033563581377756,0.8767801800145857,0.01065188510923285,0.8535659949404475,0.008749465096294162,3,combined_results_orig_07.21.2025.csv,True,1
human_ensembl_regulatory,NTv2,0.0001,4.0,0.8557423046311691,0.005483712738422612,0.937002698401716,0.0021781050631284665,0.9272904065831611,0.0032143911778199064,0.9348204060464697,0.0030865447579095486,0.9210724720507173,0.00746492294634867,3,combined_results_orig_07.21.2025.csv,True,1
human_nontata_promoters,DNABERT,3e-05,4.0,0.586155243164007,0.006185104524636922,0.7844450595073347,0.005612528914757427,0.7842617111318138,0.0057777647310669,0.7939026494408069,0.004057213208791125,0.7922687066624604,0.0035790130679531035,5,dnabert1_bridges_gb_anisa_replicates.csv,True,1
human_nontata_promoters,DNABERT2,3e-05,10.0,0.9198657591323156,0.010685861633516995,0.9599225020758372,0.005296527218255263,0.9596586978997189,0.005334014431182001,0.9588170172325208,0.005292482220118491,0.961051853501333,0.0054354373340246755,5,combined_results_orig_07.21.2025.csv,True,1
human_nontata_promoters,GPT,0.0001,4.0,0.7033779182051163,0.014995614080129222,0.8469415997785774,0.007156204524687492,0.8468499665557875,0.0071674537367611485,0.8506475743987562,0.00760746413301171,0.852733860342556,0.007410265226410137,5,"combined_results_repeated_07.21.2025.csv, combined_results_orig_07.21.2025.csv",False,2
human_nontata_promoters,NTv2,0.0001,4.0,0.6730340066087993,0.052922533596742566,0.8341821201217824,0.026597436232918912,0.833752066060884,0.026691660836591424,0.8353856024435418,0.026258425414397896,0.8376528605095659,0.026672937531810655,10,"combined_results_repeated_07.21.2025.csv, combined_results_orig_07.21.2025.csv",False,2
human_ocr_ensembl,DNABERT,3e-05,4.0,0.26258412707064444,0.00328952440830008,0.6309109636072329,0.0016495895461278625,0.6307342140619754,0.0016803574494000453,0.6314615848626715,0.0016513090727887357,0.631122875930493,0.0016483206661429548,10,anisa_finetune_results_with_lr_06.11.2025.csv,True,1
human_ocr_ensembl,DNABERT2,3e-05,6.0,0.6246729958780994,0.007003963604590206,0.8115637954273798,0.002996814576657969,0.8114038489604506,0.002952422392669588,0.8129431495047084,0.003912368125889196,0.8117320846395966,0.003161399945323501,9,combined_results_repeated_07.21.2025.csv,True,1
human_ocr_ensembl,GPT,0.0001,4.0,0.26982874157213427,0.15409243245439824,0.63354505226215,0.07766268763320724,0.6304687427637635,0.08030390857693052,0.636216232263159,0.07622127183656369,0.6336530452267342,0.07785290905909162,6,"combined_results_repeated_07.21.2025.csv, combined_results_orig_07.21.2025.csv",False,2
human_ocr_ensembl,NTv2,0.0001,4.0,0.3726927019683476,0.08039672845453306,0.6860265506981003,0.0400077652292393,0.6858326879141471,0.03995527697840468,0.6866066571731925,0.04031918352368743,0.6860865676272929,0.040078603402844706,7,"combined_results_repeated_07.21.2025.csv, combined_results_orig_07.21.2025.csv",False,2
mouse_0,DNABERT,3e-05,4.93,0.4523435575038464,0.020160504015887325,0.725679012345679,0.010060024092574513,0.7253806535146932,0.010085364228065831,0.7266676183015928,0.010149908816073416,0.725679012345679,0.010060024092574539,10,anisa_finetune_results_with_lr_06.11.2025.csv,True,1
mouse_0,DNABERT2,3e-05,1.23,0.5959785504248509,0.01874798999378313,0.7965706447187928,0.009736228941827981,0.7960759900279065,0.010009006190713805,0.7994308450875861,0.009564917583674665,0.7965706447187928,0.009736228941827962,9,anisa_finetune_results_with_lr_06.11.2025.csv,True,1
mouse_0,GPT,3e-05,4.0,0.33147858039109046,0.007176084361565659,0.6623456790123456,0.004673998638518761,0.6588659657958057,0.007115903938641642,0.6692453272090202,0.004644660152903847,0.6623456790123456,0.004673998638518761,4,combined_results_orig_07.21.2025.csv,True,1
mouse_0,NTv2,0.0001,4.0,0.33960379696375753,0.028884771957399046,0.6689300411522634,0.013911047709893452,0.6681304002621767,0.013557979941112911,0.6706856254318779,0.01507634044216833,0.6689300411522634,0.013911047709893492,6,combined_results_orig_07.21.2025.csv,True,1
mouse_1,DNABERT,3e-05,0.59,0.7965365275582909,0.009046249216784825,0.8980281690140846,0.0045908396526480105,0.8979975133255493,0.004602206641321215,0.8985061511614075,0.004459417072206446,0.8980305670351992,0.004590443717791277,10,anisa_finetune_results_with_lr_06.11.2025.csv,True,1
mouse_1,DNABERT2,3e-05,0.15,0.8121273842872072,0.009514810188454348,0.9059879746314142,0.004736398032367228,0.9059791471278422,0.0047344484445365955,0.9061403637193385,0.004780214966640684,0.9059870469448362,0.0047356581507007065,9,anisa_finetune_results_with_lr_06.11.2025.csv,True,1
mouse_1,GPT,3e-05,4.0,0.7647873596906856,0.017698527410630008,0.8823721275018533,0.008827638525127822,0.8823690637305109,0.008824730072337188,0.8824152690109042,0.008871595852817512,0.8823720941437463,0.008827006855696382,5,combined_results_orig_07.21.2025.csv,True,1
mouse_1,NTv2,0.0001,4.0,0.7283222025537205,0.012204419915202606,0.8635532493204843,0.006119062172636655,0.8634378873708823,0.006137025948687182,0.8647746749158882,0.006188788370923256,0.8635500078719232,0.00611911540803649,6,combined_results_orig_07.21.2025.csv,True,1
mouse_2,DNABERT,0.0001,3.05,0.725885934278091,0.01758095592892789,0.8621951219512194,0.009495372867315499,0.8620424618214482,0.00966300552120123,0.8636957779440566,0.008201146872805452,0.8621951219512194,0.009495372867315499,5,combined_results_orig_07.21.2025.csv,True,1
mouse_2,DNABERT2,3e-05,3.05,0.8285102714119909,0.021730100523916857,0.9139566395663957,0.011074438372816768,0.9139223852068681,0.011104581901760818,0.9145544986420886,0.010677921063077939,0.9139566395663956,0.011074438372816735,9,anisa_finetune_results_with_lr_06.11.2025.csv,True,1
mouse_2,GPT,3e-05,4.0,0.7306865252977905,0.048686256140285544,0.8648373983739838,0.0248308774855094,0.8647279975170056,0.02493833482035541,0.8658507349442965,0.023862898804291575,0.8648373983739838,0.024830877485509356,3,combined_results_orig_07.21.2025.csv,True,1
mouse_2,NTv2,0.0001,4.0,0.6822248092662658,0.02604218999380896,0.8404471544715447,0.01317223719188596,0.8402873225737834,0.013229339757030261,0.8417792288651,0.01287570479797031,0.8404471544715447,0.013172237191885872,6,combined_results_orig_07.21.2025.csv,True,1
mouse_3,DNABERT,0.0001,4.2,0.6529659154545013,0.04755759845653047,0.8259414225941424,0.023962880440629913,0.8257687021001692,0.024014437796386994,0.827071539044316,0.023673271971161786,0.8258963585434174,0.023899984173662514,5,combined_results_orig_07.21.2025.csv,True,1
mouse_3,DNABERT2,3e-05,4.2,0.7597698461663481,0.03254709086520575,0.8797071129707112,0.01615987479254739,0.8796865550238842,0.016150459231432598,0.8800344126151448,0.0163667670905042,0.8797356442577031,0.01618481457776451,4,combined_results_orig_07.21.2025.csv,True,1
mouse_3,GPT,3e-05,4.0,0.52957104422843,0.029957144602579748,0.7604602510460251,0.015037558335319284,0.7582220684268346,0.015521791040944055,0.7695910449098636,0.015331141483268081,0.7600840336134453,0.01506215539648464,4,combined_results_orig_07.21.2025.csv,True,1
mouse_3,NTv2,0.0001,4.0,0.43229428058249275,0.04499134473669311,0.7119944211994421,0.027426344722617887,0.708849632884098,0.031901826390035574,0.7203991531195277,0.018915787245987616,0.7121907096171802,0.02708495195656655,6,combined_results_orig_07.21.2025.csv,True,1
mouse_4,DNABERT,3e-05,2.12,0.41381666203574863,0.013182188728363372,0.7066914498141263,0.006661551452647127,0.7065343536897664,0.0067224707133609965,0.7071263586901549,0.006525916759403968,0.706690774822827,0.006663655689870985,10,anisa_finetune_results_with_lr_06.11.2025.csv,True,1
mouse_4,DNABERT2,3e-05,0.53,0.4620179370612772,0.01981325634146294,0.7304537676284888,0.010308425109959765,0.7301001715165946,0.010624293520722654,0.7315805662048778,0.00954277143005409,0.7304414701901452,0.010315823549388013,9,anisa_finetune_results_with_lr_06.11.2025.csv,True,1
mouse_4,GPT,3e-05,4.0,0.31915791001179206,0.013097210001030065,0.6592317224287485,0.00676633558279916,0.6588637519678405,0.007037783382134099,0.6599200057326227,0.006382970669812018,0.6592399932913819,0.006756166101165364,3,combined_results_orig_07.21.2025.csv,True,1
mouse_4,NTv2,0.0001,4.0,0.2180871360283736,0.02283868400760115,0.6087803151000176,0.01130396321444245,0.6083529056617637,0.01116375894449454,0.6092954695145795,0.011532513255610803,0.6087926142025656,0.011310735875991053,6,combined_results_orig_07.21.2025.csv,True,1
prom_300_all,DNABERT,3e-05,4.0,0.9093368572316702,0.005212257454925553,0.9546283783783783,0.0026001079279353604,0.9546263120155251,0.0026014966946281155,0.9546877249691359,0.0025959903752425634,0.9546491348217139,0.0026165604954927874,10,anisa_finetune_results_with_lr_06.11.2025.csv,True,1
prom_300_all,DNABERT2,3e-05,4.0,0.847128357641316,0.013680845394710416,0.923412162162162,0.006957509420960073,0.9233824627278411,0.006978613433217333,0.923782515024812,0.0066882664711216885,0.923346116970278,0.006999684489435795,10,anisa_finetune_results_with_lr_06.11.2025.csv,True,1
prom_300_all,GPT,3e-05,4.0,0.7980624456235963,0.007390277324993594,0.898902027027027,0.0037379076195501754,0.8988819838574431,0.003734717646459746,0.8991588055452948,0.0036925564581437964,0.8989036889923755,0.0036988994835319253,4,combined_results_orig_07.21.2025.csv,True,1
prom_300_all,NTv2,0.0001,4.0,0.8159599612664725,0.03238065412881487,0.9076858108108108,0.016021197362043903,0.9076688475084219,0.016018995943134825,0.9081809141053293,0.016294165865165165,0.9077791854997033,0.01608734695271231,4,combined_results_orig_07.21.2025.csv,True,1
prom_300_notata,DNABERT,3e-05,4.0,0.9285481672835421,0.004463877429065492,0.9642359148294706,0.002262559849741997,0.964227385498242,0.0022660944903426287,0.9643512388497315,0.0021809581925312316,0.9641969745392565,0.0022892220128792056,10,anisa_finetune_results_with_lr_06.11.2025.csv,True,1
prom_300_notata,DNABERT2,3e-05,4.0,0.9320307416466339,0.008781651808036427,0.965974858004253,0.004428256993807087,0.9659680447744609,0.004436390907969722,0.9660667823838734,0.004279464714586308,0.965963992755939,0.0045026788143698,7,combined_results_orig_07.21.2025.csv,True,1
prom_300_notata,GPT,3e-05,4.0,0.8884709970048402,0.0072043592245783,0.944224609006972,0.0035900808146328857,0.9442216794888866,0.003591282662254248,0.9442136918882872,0.0035986727542513587,0.9442573062036148,0.0036056868201739868,3,combined_results_orig_07.21.2025.csv,True,1
prom_300_notata,NTv2,0.0001,4.0,0.8553360513524751,0.012142490346775553,0.9274543056340683,0.006226761500606069,0.9274442150086091,0.006223184650893372,0.927782920598084,0.006036340626015535,0.9275532118887825,0.006111132952895828,3,combined_results_orig_07.21.2025.csv,True,1
prom_300_tata,DNABERT,0.0001,10.0,0.6750426292051014,0.0573477331608872,0.8358890701468189,0.02949039227008588,0.8357693769650252,0.029637680332344606,0.8381521176015232,0.028144385278155944,0.836894641525514,0.029226100362049215,5,combined_results_orig_07.21.2025.csv,True,1
prom_300_tata,DNABERT2,3e-05,10.0,0.647029678737779,0.02595248141963126,0.8233512001864367,0.01320981842998685,0.8232598184127644,0.013158761489853307,0.8235428576902957,0.013016892781209233,0.823486889162824,0.01293731418354398,7,combined_results_orig_07.21.2025.csv,True,1
prom_300_tata,GPT,3e-05,4.0,0.5791358985809244,0.016173635140056788,0.7887438825448614,0.008683371083562423,0.7886231099826888,0.008707947420890663,0.7898534267101118,0.007840282083678205,0.7892830510280175,0.008339099460375211,4,combined_results_orig_07.21.2025.csv,True,1
prom_300_tata,NTv2,0.0001,4.0,0.8040966735393497,0.10591647480021667,0.9013792080676256,0.053835402789522986,0.9012175210282016,0.05390190787446346,0.9027667945957719,0.052739021651593714,0.9013321130770795,0.053181249482904216,11,combined_results_orig_07.21.2025.csv,True,1
prom_core_all,DNABERT,0.0001,4.0,0.7075480378068201,0.009751528354108273,0.8534459459459459,0.0046469591524457956,0.8533956777280778,0.004610282045459911,0.8540541751144272,0.005103605178706748,0.8534943644584694,0.004664543821650737,5,combined_results_orig_07.21.2025.csv,True,1
prom_core_all,DNABERT2,3e-05,4.0,0.6331123787542661,0.020808638064436908,0.816097972972973,0.010343224788333424,0.8159532743440714,0.010356787046882535,0.817038927277635,0.01048496350251972,0.8160756744022966,0.01037327360769999,10,anisa_finetune_results_with_lr_06.11.2025.csv,True,1
prom_core_all,GPT,3e-05,4.0,0.6304854217693678,0.004305157025039466,0.8150760135135136,0.002280405405405349,0.8150355767744478,0.0023137163869187366,0.815388708560986,0.0020663681762241905,0.815096919079029,0.002260978972086205,4,combined_results_orig_07.21.2025.csv,True,1
prom_core_all,NTv2,0.0001,4.0,0.5479397065557383,0.01278271611863984,0.7713048986486486,0.007436510321727349,0.770276236025397,0.008048495492419813,0.7765096601871908,0.006089310434073901,0.7714693519492473,0.007380118358183035,8,combined_results_orig_07.21.2025.csv,True,1
prom_core_notata,DNABERT,0.0001,4.0,0.708338414443305,0.006105370199240699,0.8539287733182588,0.0028119721875945517,0.8538741574969123,0.0027639999256059535,0.8544264651370834,0.003365144022507787,0.8539126792776969,0.00279384348436994,5,combined_results_orig_07.21.2025.csv,True,1
prom_core_notata,DNABERT2,3e-05,4.0,0.6796778793117667,0.013365677902590157,0.839608064820049,0.006676689697189856,0.8395510054698276,0.006676029217951279,0.84007574521416,0.006712888164321608,0.8396025326969114,0.006666225745120456,10,anisa_finetune_results_with_lr_06.11.2025.csv,True,1
prom_core_notata,GPT,3e-05,4.0,0.6501129131454217,0.007231045942034416,0.8246466930469192,0.003826111127755565,0.8245120637722797,0.003896127870639638,0.8255158596285046,0.003389063952091398,0.824597899853317,0.003848766904207599,5,combined_results_orig_07.21.2025.csv,True,1
prom_core_notata,NTv2,0.0001,4.0,0.5758914088720182,0.010575516517892734,0.787568306010929,0.005414534377353208,0.7874309825365033,0.005462211059225319,0.7883169126830903,0.005208640470337038,0.7875754488120492,0.005394736743332544,8,combined_results_orig_07.21.2025.csv,True,1
prom_core_tata,DNABERT,0.0001,10.0,0.7640621267946639,0.034535199496320564,0.8815660685154976,0.01759257385258458,0.8815224752096554,0.017637797171261203,0.882347446109009,0.01702942140944727,0.881715210355987,0.017508404855164774,5,combined_results_orig_07.21.2025.csv,True,1
prom_core_tata,DNABERT2,3e-05,10.0,0.7436013835459413,0.03103159452225755,0.8697273362852481,0.016050869635387745,0.8694512624043255,0.016220894799996822,0.8735293243226391,0.015218593892464176,0.8700893617538993,0.016035648043204048,7,combined_results_orig_07.21.2025.csv,True,1
prom_core_tata,GPT,3e-05,4.0,0.6696908287979362,0.02492115663628628,0.8315660685154975,0.012939645496781714,0.8309475958930628,0.013113526785551716,0.837612651978754,0.012113972039233131,0.8321037727814682,0.012886685051761066,4,combined_results_orig_07.21.2025.csv,True,1
prom_core_tata,NTv2,0.0001,4.0,0.7219996660925306,0.06875342199695254,0.8597063621533442,0.03684042346047703,0.8593536791514444,0.03754798088418868,0.8621701688372606,0.0322224009669025,0.8598478396638846,0.036498255553603885,6,combined_results_orig_07.21.2025.csv,True,1
promoter_all,DNABERT,3e-05,3.0,0.7279242217213628,0.005056166741643003,0.8638468013468014,0.002551421644146082,0.8638251517879874,0.002556999784621991,0.864077489169639,0.002511469593456976,0.8638468013468014,0.002551421644146066,3,combined_results_orig_07.21.2025.csv,True,1
promoter_all,DNABERT2,3e-05,3.0,0.7575490195213299,0.011037655736836082,0.8783670033670035,0.005728391241084264,0.8783001229751294,0.005767738294834058,0.8791826729178887,0.005323576916146032,0.8783670033670034,0.005728391241084253,3,combined_results_orig_07.21.2025.csv,True,1
promoter_all,GPT,3e-05,3.0,0.703565895844954,0.016861163766883114,0.851641414141414,0.008540245743982775,0.8516102762730089,0.008565623648213805,0.851924567328343,0.008321135471938579,0.851641414141414,0.008540245743982775,3,combined_results_orig_07.21.2025.csv,True,1
promoter_all,NTv2,0.0001,3.0,0.78466617772294,0.011616836916875877,0.8922558922558922,0.005865892198975747,0.8922449189939359,0.005874680343255689,0.8924103070455476,0.005750975378995797,0.8922558922558923,0.005865892198975689,3,combined_results_orig_07.21.2025.csv,True,1
promoter_no_tata,DNABERT,3e-05,3.0,0.7398505027400311,0.005638733687881285,0.869290573372206,0.0034444720307964037,0.8691757679270823,0.0035745718086008585,0.870562767620485,0.0024378107775930797,0.869290573372206,0.003444472030796342,3,combined_results_orig_07.21.2025.csv,True,1
promoter_no_tata,DNABERT2,3e-05,3.0,0.7612938255402323,0.006586601167386694,0.88022351797862,0.003366473872825784,0.8801565400227793,0.0033864808028722763,0.8810712114616582,0.003293413987460811,0.88022351797862,0.003366473872825784,3,combined_results_orig_07.21.2025.csv,True,1
promoter_no_tata,GPT,3e-05,3.0,0.7379674424257551,0.005357779986392491,0.8688046647230321,0.0025248554046193275,0.868773313548567,0.0024979615911564592,0.8691629098668563,0.0028335999999325036,0.8688046647230321,0.00252485540461944,3,combined_results_orig_07.21.2025.csv,True,1
promoter_no_tata,NTv2,0.0001,3.0,0.7926362676588022,0.006055923849548187,0.8957725947521865,0.0029606553952754872,0.895701079483816,0.0029551430241222705,0.8968645715816701,0.003117455137069512,0.8957725947521865,0.002960655395275491,5,combined_results_orig_07.21.2025.csv,True,1
promoter_tata,DNABERT,3e-05,3.0,0.8340879276508409,0.06118793140581826,0.9166666666666666,0.030325945789286022,0.9166359596679322,0.030314815695453336,0.9174219815319242,0.030868798732181464,0.9166666666666666,0.030325945789286022,3,combined_results_orig_07.21.2025.csv,True,1
promoter_tata,DNABERT2,3e-05,3.0,0.8576636283385531,0.004434509937585791,0.9276729559748428,0.002723350326366239,0.9275737492913386,0.0027839003382281497,0.9299953919229003,0.0021032179650869193,0.9276729559748428,0.002723350326366239,3,combined_results_orig_07.21.2025.csv,True,1
promoter_tata,GPT,3e-05,3.0,0.7835255530883355,0.06865710366248359,0.889937106918239,0.03540355424276004,0.8896300961985761,0.03571041893113114,0.8936015868180843,0.033274712203560514,0.889937106918239,0.03540355424276004,3,combined_results_orig_07.21.2025.csv,True,1
promoter_tata,NTv2,0.0001,3.0,0.8849222858454782,0.025088230628252668,0.9422169811320754,0.01240545113054993,0.9422026231175165,0.012399121888359257,0.9427055082194862,0.012684754344706199,0.9422169811320755,0.012405451130549947,4,combined_results_orig_07.21.2025.csv,True,1
reconstructed,DNABERT,3e-05,5.0,0.8404286692594901,0.007290237903209814,0.9058746163963175,0.004562119568722607,0.9002651067479194,0.00467482117543389,0.8966606312925995,0.006586530744416861,0.9043669070808068,0.004375544580749477,10,anisa_finetune_results_with_lr_06.11.2025.csv,True,1
reconstructed,DNABERT2,3e-05,5.0,0.8458166854385067,0.0067773636343906795,0.909644892590969,0.004420183242778206,0.9033818820828886,0.004251361610000509,0.9043526531918452,0.008127775291337187,0.9029205329196139,0.004991120682779089,10,anisa_finetune_results_with_lr_06.11.2025.csv,True,1
reconstructed,GPT,3e-05,4.0,0.7180498106716529,0.02459424317462972,0.8348312143796581,0.014589158494002493,0.8230483197141969,0.015799559935707534,0.8261431970969764,0.017023132077072227,0.8217057415263376,0.01955148738195253,4,combined_results_orig_07.21.2025.csv,True,1
reconstructed,NTv2,0.0001,4.0,0.8522834102744834,0.05971858191243736,0.913474951177713,0.03580692922902137,0.9071987441749463,0.03771879028483834,0.915555070338456,0.04375616144995328,0.9006571757956664,0.033558221575990296,11,combined_results_orig_07.21.2025.csv,True,1
splice_sites_acceptors,DNABERT,3e-05,3.0,0.9570181733445056,0.0025108520258783095,0.9785,0.0012322818340455102,0.9784943311913634,0.001234574899447299,0.9785074792678479,0.001220081490488044,0.9785106974159489,0.0012914567808940932,4,combined_results_orig_07.21.2025.csv,True,1
splice_sites_acceptors,DNABERT2,3e-05,3.0,0.8083617245985696,0.023356410096618915,0.903888888888889,0.011833724563172741,0.9038567679279966,0.011786016148238888,0.9043719059437452,0.011874020865410562,0.9039899972214505,0.011484222460419361,3,combined_results_orig_07.21.2025.csv,True,1
splice_sites_acceptors,GPT,3e-05,3.0,0.7357639129349711,0.016393007509003465,0.8675555555555556,0.008382079650018795,0.8675154885972273,0.008344119944438821,0.868052673856419,0.008260221694252563,0.8677114013151801,0.00813789380236508,3,combined_results_orig_07.21.2025.csv,True,1
splice_sites_acceptors,NTv2,0.0001,3.0,0.9707150711562041,0.003345977893741635,0.9853333333333333,0.001655518269527938,0.9853264380551409,0.0016552413356373092,0.9854692052136638,0.0017190597002003049,0.9852459016393442,0.0016296424339025876,4,combined_results_orig_07.21.2025.csv,True,1
splice_sites_all,DNABERT,3e-05,3.0,0.9609064584986816,0.007218365078775936,0.9738888888888888,0.004857220665420833,0.9739268691812337,0.0049149141733918775,0.9738413941591578,0.004872954441691492,0.9741883099954003,0.004821683189564732,3,combined_results_orig_07.21.2025.csv,True,1
splice_sites_all,DNABERT2,3e-05,3.0,0.8544722759124485,0.006214956258789355,0.9029999999999999,0.004176654695380616,0.9033878249864497,0.004028357674528612,0.9037488724004344,0.0038678428925335625,0.9031644380418337,0.004086999191172954,3,combined_results_orig_07.21.2025.csv,True,1
splice_sites_all,GPT,3e-05,3.0,0.7476047204291524,0.008468683148052547,0.8313333333333333,0.005333333333333329,0.8310185411757302,0.00504041492889636,0.8310870723183124,0.005298571677628703,0.8322491519778775,0.005644289993842788,3,combined_results_orig_07.21.2025.csv,True,1
splice_sites_all,NTv2,0.0001,3.0,0.9671921752461895,0.0010433524319397396,0.9781111111111112,0.0006938886664887834,0.9782521751730481,0.0006984008995660013,0.9784702460015038,0.0006974768109206477,0.9781263682319198,0.0007569031289851968,3,combined_results_orig_07.21.2025.csv,True,1
splice_sites_donors,DNABERT,3e-05,3.0,0.9668334206942538,0.0019130286589640912,0.9834166666666667,0.0009574271077563454,0.9834137318777878,0.0009569416611256908,0.9834185925941314,0.0009749234424197773,0.9834148293029873,0.000938565807865365,4,combined_results_orig_07.21.2025.csv,True,1
splice_sites_donors,DNABERT2,3e-05,3.0,0.8294472152373737,0.010571802399742869,0.9145555555555555,0.005273975238358097,0.9145500538244402,0.00527864837624766,0.9147542498473819,0.005270004447693708,0.9146929824561404,0.0053034786110737414,3,combined_results_orig_07.21.2025.csv,True,1
splice_sites_donors,GPT,3e-05,3.0,0.7501077474106164,0.02087513924860468,0.8742222222222221,0.011339867397487149,0.8741590216821841,0.011433979540367735,0.8755361436938407,0.00978072971103632,0.8745732574679943,0.011103406167684397,3,combined_results_orig_07.21.2025.csv,True,1
splice_sites_donors,NTv2,0.0001,3.0,0.9729201519757873,0.0033952669694998477,0.9864444444444445,0.0017105338131488388,0.9864415953603206,0.0017101589942772884,0.986487016263562,0.0017170296952826601,0.9864331436699859,0.001680816074855001,3,combined_results_orig_07.21.2025.csv,True,1
tf_0,DNABERT,3e-05,3.0,0.6657116766168292,0.008658041721686615,0.8295999999999999,0.005274677451960674,0.8287548893276888,0.005716558611242883,0.8361625402613398,0.004822976072284559,0.8295999999999999,0.005274677451960612,10,anisa_finetune_results_with_lr_06.11.2025.csv,True,1
tf_0,DNABERT2,3e-05,3.0,0.6680623206853867,0.014800891352799118,0.8294,0.006535373831014657,0.8282250898238221,0.006624636192977846,0.838758349284532,0.009529415989657892,0.8294,0.0065353738310146795,10,anisa_finetune_results_with_lr_06.11.2025.csv,True,1
tf_0,GPT,3e-05,4.0,0.6495741557898099,0.01810117008203912,0.8206,0.01021273714534937,0.8194182857077379,0.010731224613933455,0.8290504180227032,0.008720622048960536,0.8206,0.01021273714534937,5,combined_results_orig_07.21.2025.csv,True,1
tf_0,NTv2,0.0001,4.0,0.56704767920934,0.013785487781397154,0.7771666666666667,0.005419102016632162,0.774686046881493,0.0062936622629426375,0.790117737520519,0.011481548888231172,0.7771666666666667,0.0054191020166321465,6,combined_results_orig_07.21.2025.csv,True,1
tf_1,DNABERT,0.0001,3.0,0.702629821602712,0.012809829341229817,0.8486,0.006949820141557662,0.8480077281902476,0.0071455851778710845,0.8540570296313923,0.006236877453967603,0.8486,0.006949820141557614,5,combined_results_orig_07.21.2025.csv,True,1
tf_1,DNABERT2,3e-05,3.0,0.7176789155288054,0.0187123281420304,0.8562000000000001,0.010799176923368856,0.8556425189759101,0.01117379292943649,0.8615130550250132,0.008316094245089339,0.8562000000000001,0.010799176923368825,10,anisa_finetune_results_with_lr_06.11.2025.csv,True,1
tf_1,GPT,3e-05,4.0,0.6743514733983779,0.011728996711775892,0.8325,0.004203173404306155,0.8313504674100892,0.003950837522446405,0.84192910423813,0.007918337168926112,0.8325,0.0042031734043060905,4,combined_results_orig_07.21.2025.csv,True,1
tf_1,NTv2,0.0001,4.0,0.6053126367546667,0.013521229260653885,0.7985000000000001,0.0076092049518987175,0.7970997632347033,0.00811167806576504,0.8068849951885939,0.006560196518096906,0.7985000000000001,0.007609204951898705,6,combined_results_orig_07.21.2025.csv,True,1
tf_2,DNABERT,0.0001,3.0,0.653666009093403,0.015912874994809676,0.8231999999999999,0.008348652585896699,0.8222098106842406,0.008537182854113451,0.8305101788284045,0.00770942791555561,0.8231999999999999,0.008348652585896683,5,combined_results_orig_07.21.2025.csv,True,1
tf_2,DNABERT2,3e-05,3.0,0.6519119499285726,0.03550311259959403,0.8253999999999999,0.017430496901185043,0.825262343961467,0.0173590482199286,0.826513727324062,0.01808569814249455,0.8253999999999999,0.017430496901185054,10,anisa_finetune_results_with_lr_06.11.2025.csv,True,1
tf_2,GPT,3e-05,4.0,0.5268480562951323,0.026266494085190745,0.7606666666666667,0.01436430761761016,0.7593691712725915,0.015269876056459592,0.7662410499062116,0.01266511783994787,0.7606666666666667,0.014364307617610107,3,combined_results_orig_07.21.2025.csv,True,1
tf_2,NTv2,0.0001,4.0,0.4455035117337986,0.018445091529920084,0.7191666666666666,0.011356349178616634,0.7168081817012805,0.01339340171768966,0.7264550488474179,0.008292467931575476,0.7191666666666666,0.011356349178616634,6,combined_results_orig_07.21.2025.csv,True,1
tf_3,DNABERT,0.0001,3.0,0.5513726230231555,0.010705573345124371,0.7727999999999999,0.0068702256149270795,0.7715848022195655,0.00760015043731557,0.7786137585738138,0.004074409339924277,0.7727999999999999,0.0068702256149270596,5,combined_results_orig_07.21.2025.csv,True,1
tf_3,DNABERT2,3e-05,3.0,0.5866640420089437,0.024837596396405974,0.7903,0.014399459866413214,0.7891380914883758,0.015344401534979927,0.7964200270279488,0.010667482704736542,0.7903,0.014399459866413196,10,anisa_finetune_results_with_lr_06.11.2025.csv,True,1
tf_3,GPT,3e-05,4.0,0.38257498837545606,0.01799057908879703,0.6859999999999999,0.008763560920082635,0.6816635258751118,0.009062744358944686,0.6967360484545585,0.009490694793735906,0.6859999999999999,0.008763560920082663,6,combined_results_orig_07.21.2025.csv,True,1
tf_3,NTv2,0.0001,4.0,0.3089838703499039,0.025814854329724055,0.6491666666666667,0.019343388189938897,0.6421887080095352,0.029233424021538692,0.6604284013327741,0.008300106066328286,0.6491666666666667,0.01934338818993889,6,combined_results_orig_07.21.2025.csv,True,1
tf_4,DNABERT,0.0001,3.0,0.7389090688015535,0.023278292233689036,0.867,0.012449899597988754,0.8665420405542099,0.012655625183797823,0.8719281174029391,0.010854615374829828,0.867,0.01244989959798872,5,combined_results_orig_07.21.2025.csv,True,1
tf_4,DNABERT2,3e-05,3.0,0.7635514416368832,0.011825343753472117,0.8801,0.006226288353960707,0.8798330302791776,0.006314897818351425,0.8834631021988685,0.005887682811613216,0.8801,0.006226288353960707,10,anisa_finetune_results_with_lr_06.11.2025.csv,True,1
tf_4,GPT,3e-05,4.0,0.6561730337782025,0.02092508648862139,0.8263333333333334,0.008962886439832504,0.825891005416957,0.008586369461025846,0.8298536455645632,0.011980362446446501,0.8263333333333334,0.008962886439832481,3,combined_results_orig_07.21.2025.csv,True,1
tf_4,NTv2,0.0001,4.0,0.5733376612256014,0.015244810353273576,0.7848333333333334,0.006431692364119024,0.7841641671671388,0.006088334925913643,0.7885236459109212,0.008976212580813799,0.7848333333333333,0.006431692364119024,6,combined_results_orig_07.21.2025.csv,True,1
