task,model,best_learning_rate,best_batch_size,best_rc_aug,mcc_mean,mcc_std,accuracy_mean,accuracy_std,f1_mean,f1_std,precision_mean,precision_std,recall_mean,recall_std,replicate_count
H2AFZ,CNN,0.001,64,False,0.4551517168680827,0.0025074309241271916,0.72344442208608,0.0069388800474491285,0.7383711934089661,0.013538775939912472,0.7003799080848694,0.0340707887786541,0.7864792545636495,0.0758104203900083,3
H2AFZ,Caduceus,0.0001,128,True,0.4316366272313254,0.0034640053201221476,0.7082857063838414,0.001193013142352029,0.7404457756451198,0.0026863640862571747,0.664815868650164,0.003341401136827342,0.835628228528159,0.01150842234035373,7
H2AFZ,HyenaDNA,0.0006,128,True,0.41329295818622297,0.007263217348445096,0.7021794869349554,0.0034870546391337254,0.7271616779840909,0.007159807660447505,0.6688971840418302,0.010233387053345705,0.797600663625277,0.029430262085410514,13
H2AFZ,Mamba-bpe,5e-05,128,True,0.4047017303796915,0.01280465394626862,0.6925641069045434,0.008901084219846119,0.7281879966075604,0.01342089124119851,0.6518515485983628,0.02140175793045189,0.8294202364408053,0.0590351379031374,13
H2AFZ,Mamba-char,0.0005,128,True,0.3919013977050781,0.01587308344854363,0.6883333285649618,0.010621928095620632,0.7203481793403625,0.012111812994553576,0.6525753339131674,0.021402389961819313,0.8080321272214254,0.05639663927236935,15
H3K27ac,CNN,0.001,64,False,0.40928588310877484,0.009276137729424677,0.7042079170544943,0.004331678152118511,0.7097408572832743,0.010962223583228925,0.6968725522359213,0.011790076620266288,0.7240099112192789,0.032954281890231,3
H3K27ac,Caduceus,0.001,128,False,0.4673660695552826,0.03233218539699217,0.7334983348846436,0.016152453950727164,0.7287553747495016,0.017248486304852845,0.7419427037239075,0.017237757604573845,0.7161716024080912,0.021340791972852054,3
H3K27ac,HyenaDNA,6e-05,256,True,0.42131732060359073,0.013341278857277197,0.7072067948488089,0.007757171772448069,0.7247675061225891,0.014622082616265556,0.6851043701171875,0.022520280082551674,0.7737052486493037,0.059476475081783726,13
H3K27ac,Mamba-bpe,5e-05,256,True,0.39178498834371567,0.015653656451557068,0.6936881194512049,0.005870563142251231,0.7076247235139211,0.018973597936949093,0.6771493703126907,0.015402490954187671,0.7445338219404221,0.05859753262039288,12
H3K27ac,Mamba-char,0.0001,256,True,0.41832839846611025,0.013018765371031554,0.7047442197799683,0.010814344028367987,0.726736851533254,0.010667775357748944,0.6784080227216085,0.025871324979395077,0.7870461980501811,0.0555011348975343,15
H3K27me3,CNN,0.001,64,False,0.508823037147522,0.001040824302907069,0.7461110949516296,0.0008388689033436736,0.7732382416725159,0.0013109879347457515,0.6960041324297587,0.0038469155617387916,0.8698370258013407,0.009240564534088733,3
H3K27me3,Caduceus,0.001,128,False,0.5506238341331482,0.007247140086665914,0.7628888885180155,0.004741448648567429,0.7922913233439127,0.003014077536211537,0.7024517258008321,0.007935289168802012,0.9086849689483643,0.013062370911509478,3
H3K27me3,HyenaDNA,6e-05,256,True,0.5423269042601953,0.01331778280363752,0.7641538473275992,0.007839383959972234,0.7867094599283658,0.005132591137101246,0.7156007977632376,0.011497960116283618,0.8738214281889108,0.011299252786232537,13
H3K27me3,Mamba-bpe,5e-05,128,True,0.5299425950417151,0.009575323014495266,0.7519230750890878,0.0067716015020931695,0.7837784106914814,0.0036463062178192815,0.6924217343330383,0.01097011027690259,0.9033953318229089,0.01582457256867562,13
H3K27me3,Mamba-char,0.0005,128,True,0.5352479775746664,0.010132495731373202,0.7572888930638632,0.008077866812771723,0.7849247773488363,0.0037409429027258174,0.70272456407547,0.014991708735009664,0.8898414810498555,0.021947277098622386,15
H3K36me3,CNN,0.001,64,False,0.5398496786753336,0.009108533914917382,0.7622222304344177,0.007676312167916779,0.7878137429555258,0.002915761307061433,0.7142505447069804,0.018726810377395472,0.8793714046478271,0.028655197477521006,3
H3K36me3,Caduceus,0.001,256,False,0.5306359132130941,0.017897111975707612,0.7595555583635966,0.007581658570825725,0.7824589610099792,0.010340595584471342,0.7168053785959879,0.010460261383984685,0.8621071378389994,0.03250486805188043,3
H3K36me3,HyenaDNA,0.0006,256,True,0.5037895211806664,0.007948183297807299,0.7460256402309124,0.005946453215332468,0.7706658198283269,0.005795759120838674,0.7054319473413321,0.01525220045350851,0.8505976108404306,0.030670542963966544,13
H3K36me3,Mamba-bpe,5e-05,128,True,0.4888601234325996,0.009642851874788838,0.7384359011283288,0.005801315346621843,0.7640786858705374,0.00620919110771915,0.6988562849851755,0.01659807552920241,0.8444682909892156,0.03473665856403439,13
H3K36me3,Mamba-char,0.0003,128,True,0.4872321426868439,0.011647972469766905,0.7379999955495199,0.00884433534721205,0.7633222103118896,0.004283965825107931,0.6992593129475911,0.017535812256053378,0.8417441407839458,0.028747757137810942,15
H3K4me1,CNN,0.001,64,False,0.4057705005009969,0.009722881831771233,0.6898888945579529,0.011403396828689606,0.7361184557278951,0.005141009784428477,0.6431592702865601,0.01966434555616188,0.8626799583435059,0.04422642711517714,3
H3K4me1,Caduceus,0.001,128,True,0.42921038378368725,0.00824739290880101,0.7058484933593057,0.010147088573854107,0.740650702606548,0.005633022068809821,0.6655635725368153,0.021707390315606208,0.8381757736206055,0.04777161417443186,11
H3K4me1,HyenaDNA,0.0006,128,True,0.4027059592983939,0.0074151140667881536,0.6952121257781982,0.004134602562118085,0.726498999378898,0.011341075537535862,0.6614210117946971,0.01632973584313774,0.8088190826502714,0.05025302400441608,11
H3K4me1,Mamba-bpe,5e-05,128,True,0.4059024086365333,0.009460342052989864,0.6927692294120789,0.00533573761706002,0.7345696916946998,0.006624279383707398,0.6485649530704205,0.010376634502874335,0.8480449823232797,0.03088257914755902,13
H3K4me1,Mamba-char,0.0001,128,True,0.4048595110575358,0.011060357123497101,0.6918888886769613,0.00540673973588866,0.733277682463328,0.010204863854044212,0.6486543615659078,0.013753697565177463,0.8458028793334961,0.04566140108029424,15
H3K4me2,CNN,0.001,64,False,0.487087607383728,0.015921718706738797,0.742594321568807,0.007036640316622387,0.7510944604873657,0.012335525891746338,0.7270928025245667,0.011855757870630299,0.7776738405227661,0.03580886789063077,3
H3K4me2,Caduceus,0.001,128,True,0.48483530964170185,0.019552969799149274,0.7363356947898865,0.012133009440539457,0.7588451334408352,0.012363929623634282,0.7010615723473685,0.028808420614304074,0.8314847009522575,0.056735678555568096,7
H3K4me2,HyenaDNA,0.0006,128,True,0.4765191880556253,0.014612897712013868,0.7315967449775109,0.009079286441545353,0.7577695067112262,0.009243495327244205,0.6913189154404861,0.018497507475079392,0.8406130763200613,0.04048569771751967,13
H3K4me2,Mamba-bpe,5e-05,256,True,0.4705841268102328,0.015387641338037139,0.7291082044442495,0.011062742203348241,0.753906195362409,0.007732218501880384,0.6924531857172648,0.025448866144771987,0.8307608316342036,0.04603285209498807,12
H3K4me2,Mamba-char,0.0001,256,True,0.45755617221196493,0.014503112449159526,0.7248518864313761,0.008423659086081737,0.7471381545066833,0.006852369728176617,0.6916578650474549,0.014110161244195084,0.8132210810979207,0.024362027093795313,15
H3K4me3,CNN,0.001,64,False,0.5812231500943502,0.01654688811241002,0.7886597911516825,0.007838635247826145,0.7779744466145834,0.010924248234094349,0.8205345074335734,0.030432470613734247,0.7414089441299438,0.03911528545922682,3
H3K4me3,Caduceus,0.0001,128,True,0.6232390820980072,0.008640525391565785,0.811211347579956,0.004474367272649526,0.8098231077194213,0.00742204928688481,0.816154831647873,0.017345679883368933,0.8046391665935516,0.02716189636884483,10
H3K4me3,HyenaDNA,0.0006,256,True,0.6000154451890425,0.012730263377721285,0.7985004674304615,0.0057130747542578665,0.79059837623076,0.008484176263215766,0.8240768855268304,0.027814142192119688,0.7617150870236483,0.03390645453682651,11
H3K4me3,Mamba-bpe,5e-05,256,True,0.6012485806758587,0.01583102194169771,0.8003568603442266,0.007951868429447761,0.8005375403624314,0.00932449210910364,0.8000158254916852,0.014525278573130204,0.8017446444584773,0.02372584979147493,13
H3K4me3,Mamba-char,0.0001,256,True,0.6060632507006327,0.01429951465545098,0.8024914065996805,0.007599918981235419,0.7983084241549174,0.012130702349244767,0.815184223651886,0.010084984638117186,0.7829896926879882,0.030295446800744138,15
H3K9ac,CNN,0.001,64,False,0.503395160039266,0.01596989101224626,0.7506640156110128,0.008587344888121297,0.7521186669667562,0.0185981917307321,0.7482590079307556,0.024385417554259506,0.7589641412099203,0.05817962351896283,3
H3K9ac,Caduceus,0.0001,256,False,0.5121895869572958,0.003919709159812361,0.7553120652834574,0.0023002175505860587,0.7633440295855204,0.004357990831554978,0.7392943302790324,0.01147035970844714,0.7895086208979288,0.02185189466677887,3
H3K9ac,HyenaDNA,0.0002,256,True,0.5049279655019442,0.011723486102060334,0.7509960134824117,0.0067819554239458395,0.7576719125111898,0.010334436105774902,0.7392144550879797,0.024843680732611572,0.7800464828809103,0.0448857261311014,12
H3K9ac,Mamba-bpe,5e-05,128,True,0.4770221572655898,0.02119948611545213,0.736745325418619,0.010313977070404882,0.7459336473391607,0.01653212091759102,0.7213910772250249,0.021105004411834074,0.7752068684651301,0.050511830784163665,13
H3K9ac,Mamba-char,0.0005,128,True,0.5021125058333079,0.02069511203149948,0.7486719886461893,0.010810760487757436,0.7574145873387654,0.014773591233778964,0.7339496811230978,0.03137224451756916,0.7871182004610697,0.05627706568081851,15
H3K9me3,CNN,0.001,64,False,0.3443547189235687,0.030110632160365847,0.6658823490142822,0.02061341410580935,0.7015066742897034,0.005072884197609626,0.6368814905484518,0.03585152973246768,0.7858823537826538,0.06049391761834349,3
H3K9me3,Caduceus,0.001,256,False,0.39502962430318195,0.02149021887771243,0.6968627373377482,0.010544590717447663,0.6952572067578634,0.012158813927130844,0.7003920873006185,0.028408134579144824,0.6925490299860636,0.0434710902659496,3
H3K9me3,HyenaDNA,0.0006,256,True,0.36999001182042635,0.030820188977729666,0.6806334899022028,0.016446875160712044,0.695009708404541,0.028311300332524564,0.6687977405694815,0.03824347372607658,0.7348416310090286,0.09334677395050965,13
H3K9me3,Mamba-bpe,0.0001,128,True,0.28964765484516436,0.028514614638604236,0.6433484187492957,0.014431537384452119,0.6275022259125342,0.034068961003715294,0.6579825557195224,0.028411828449533404,0.6054298602617704,0.06543534723934527,13
H3K9me3,Mamba-char,0.0003,128,True,0.33754416306813556,0.01457261671283949,0.6669803897539774,0.007643388606262153,0.6639663537343343,0.025516523175252506,0.6722414334615071,0.028802058028482968,0.6630588213602702,0.07399189554122704,15
H4K20me1,CNN,0.001,64,False,0.5604201555252075,0.01149843093165132,0.7762114405632019,0.0027511012219234125,0.7924843827883402,0.00852118871739331,0.7388158440589905,0.011085949510097889,0.8555066188176473,0.034899219205883035,3
H4K20me1,Caduceus,0.001,128,False,0.5893415013949076,0.0058650144845049336,0.7879588802655538,0.0024262342029569544,0.808278481165568,0.0027856060379184487,0.7375832398732504,0.0014418527234556033,0.8939794500668844,0.006373722395818566,3
H4K20me1,HyenaDNA,6e-05,256,True,0.5743466707376333,0.013681776062751137,0.7815316823812631,0.008624048085427072,0.8005118461755606,0.005737107051224739,0.737212754212893,0.016507178332090137,0.8766519885796767,0.022788576273318765,13
H4K20me1,Mamba-bpe,5e-05,256,True,0.5453440447648367,0.009036627542533702,0.7669603526592255,0.006590543070706353,0.7878843198219935,0.003545259612812626,0.7235312014818192,0.014462791098457195,0.8656387676795324,0.021524112385512724,12
H4K20me1,Mamba-char,0.0005,256,True,0.5603654225667317,0.011045382768872368,0.7747430245081584,0.009210054683784386,0.7936174551645915,0.003964040045245045,0.7334812601407369,0.020673621996449634,0.8661380330721538,0.02941327457471038,15
covid,Caduceus,0.001,256,True,0.05237132885182896,0.05892382150188675,0.16097658500075337,0.04711438100432785,0.11020293614516652,0.07795382113251771,0.14069059304893014,0.10290175794406341,0.15961528196930883,0.055150483447454365,6
covid,HyenaDNA,6e-05,128,True,0.619556806304238,0.020484165281647673,0.6626011404124174,0.018000295760018787,0.6624802513556047,0.018114358488499207,0.6683637987483632,0.01833540160235072,0.6606804024089467,0.018620992327490902,11
covid,Mamba-bpe,0.0002,128,True,0.652044259584867,0.02425780409723529,0.6905121482335604,0.023187598290659837,0.693720647921929,0.021613570182380474,0.7108383087011484,0.011274519402089504,0.6889726244486295,0.023300861588724187,13
covid,Mamba-char,0.0002,128,True,0.5764164566993714,0.010992863263602983,0.6245746076107025,0.009728073862154843,0.6243087112903595,0.010849663713621548,0.6363976299762726,0.011291233029586801,0.619587880373001,0.010613366902156602,10
demo_coding_vs_intergenomic,CNN,0.001,64,False,0.7842668294906616,0.005109005613973196,0.89192001024882,0.0024341188927374724,0.8929415345191956,0.0039933790342502,0.8845100402832031,0.010246476061558644,0.9018400112787882,0.01820892983477955,3
demo_coding_vs_intergenomic,Caduceus,0.0001,128,True,0.8275719702243804,0.002376582228719106,0.9137000024318696,0.0012249586559884946,0.9133815169334412,0.001626054799608279,0.9168200492858887,0.008297665594231137,0.9101359963417053,0.010341778219688484,10
demo_coding_vs_intergenomic,HyenaDNA,0.0006,256,True,0.802336688225086,0.0050474079735970045,0.9010676879149216,0.0025800557608558505,0.9004714351433974,0.0033120207914591688,0.9058582461797274,0.006941110905991074,0.8953169263326205,0.011773677758621339,13
demo_coding_vs_intergenomic,Mamba-bpe,1e-05,256,True,0.7925266944445096,0.0021802840936988037,0.8962184511698209,0.0011070186845393982,0.8960190736330472,0.001385858639227251,0.8977833344386175,0.0060819620580249995,0.8943569247539227,0.007709840546089741,13
demo_coding_vs_intergenomic,Mamba-char,0.002,256,True,0.7742074590462905,0.12151416148945836,0.8828430817677424,0.07562381127604544,0.889799530689533,0.04893299429722749,0.8823133111000061,0.09221541358031672,0.9057169281519376,0.026905275321174038,13
demo_human_or_worm,CNN,0.001,64,False,0.8838319778442383,0.0026915305154419124,0.9418266614278158,0.0012938696909790182,0.9423870046933492,0.0014416242649552661,0.9333603183428446,0.0011662334759837203,0.9515999952952067,0.004139185484078858,3
demo_human_or_worm,Caduceus,0.0005,128,True,0.9434739172458648,0.0013723136538410714,0.9717199981212616,0.0006986879472599633,0.9717574834823608,0.0007184615742678069,0.9704779326915741,0.004001482864112169,0.9730719923973083,0.004353160478607438,10
demo_human_or_worm,HyenaDNA,6e-05,256,True,0.9287103276986343,0.003091058027723269,0.9643323054680457,0.0015541194650053438,0.9644367190507742,0.0015441216954682232,0.9616523339198186,0.004224412979416409,0.9672676875041082,0.004301282660155998,13
demo_human_or_worm,Mamba-bpe,0.0001,256,True,0.9227598309516907,0.0024391406135631432,0.9613199967604417,0.0012796861149028073,0.9613693494063157,0.0014363461917220528,0.9601072760728689,0.0072627279807545905,0.9627569271967962,0.008817412281091716,13
demo_human_or_worm,Mamba-char,0.001,128,True,0.930260167672084,0.008557957949070846,0.9650707749220041,0.0043094114271418965,0.9651340658848102,0.004290055158154647,0.9635222875154935,0.008901198021895672,0.9668676853179932,0.008842193746043952,13
drosophilia_enhancers,Mamba-bpe,0.0001,256,True,0.4580887059370677,0.005083022293275791,0.7138728300730387,0.002084149136936322,0.7572224537531534,0.002396166627326394,0.6576181650161743,0.00358046071736843,0.8924855391184489,0.01102820251897758,3
dummy_mouse_enhancers,CNN,0.001,64,False,0.4257347583770752,0.025053277828532193,0.7107438047726949,0.010932870807392808,0.6960023641586304,0.014863696008017261,0.7362942894299825,0.04157762211151529,0.6639118393262228,0.055027516652690296,3
dummy_mouse_enhancers,Caduceus,0.002,128,True,0.5826332032680511,0.037655702663513556,0.7880165219306946,0.02098461861594159,0.7751453876495361,0.03303040097274229,0.824312400817871,0.036366880902454504,0.7371900796890258,0.07307289362884326,10
dummy_mouse_enhancers,HyenaDNA,0.0006,128,True,0.5917619466781616,0.048944132024401336,0.7937062887045053,0.026322318423020047,0.7905613367374127,0.037053687101234585,0.8015528000318087,0.036439854622422906,0.7863954168099624,0.07933067000041516,13
dummy_mouse_enhancers,Mamba-bpe,5e-05,256,True,0.555425579731281,0.03248103974787459,0.7749523199521579,0.018603869679075978,0.7604231788561895,0.030923184211765688,0.8107272845048171,0.019867484515664325,0.7196439917270954,0.06414606257074515,13
dummy_mouse_enhancers,Mamba-char,0.001,128,True,0.5702339640030494,0.039338656499040794,0.7848061048067533,0.01992214810966565,0.7843549985152024,0.022111295080214116,0.7857567759660574,0.0206637054599256,0.7838525038499099,0.03552215851852006,13
emp_H3,HyenaDNA,0.0006,256,True,0.7554401159286499,0.0054655190211957165,0.877421498298645,0.0023617408031564578,0.8774535953998566,0.0007059175657089642,0.8853994905948639,0.021833374080946908,0.870198667049408,0.022477588660435963,2
emp_H3,Mamba-bpe,0.0002,128,True,0.7373093366622925,0.007394220543918867,0.8684034744898478,0.0037192977583006045,0.8680059313774109,0.005141202068819723,0.8783015807469686,0.011636323532433584,0.8582781354586283,0.018778053864133084,3
emp_H3K14ac,Caduceus,0.001,128,False,0.5424107909202576,0.0034707160630586885,0.7759959697723389,0.003263480445305013,0.8054788510004679,0.008932741667391398,0.8026577035586039,0.016624884834237727,0.8094233473141988,0.035034492552195935,3
emp_H3K14ac,HyenaDNA,0.0006,256,True,0.49094974994659424,0.020756791530495197,0.75196672976017,0.009027856381556834,0.7867558300495148,0.004386067970266723,0.7767289131879807,0.01617623633506267,0.7973364889621735,0.008118195789867604,4
emp_H3K14ac,Mamba-bpe,0.0002,128,True,0.48496077458063763,0.017741918794382104,0.7470499277114868,0.009864975167995156,0.7774342099825541,0.012251713791517845,0.7846939563751221,0.008460113001126477,0.7707454363505045,0.02728550953795785,3
emp_H3K14ac,Mamba-char,0.0002,128,True,0.4395781060059865,0.0065587712149872196,0.7224407394727071,0.0012228450548203704,0.7507060170173645,0.004769617463681327,0.7745281060536703,0.01207363252105269,0.7287271618843079,0.019517144834203314,3
emp_H3K36me3,Caduceus,0.002,128,False,0.5596668521563212,0.005904292647697337,0.7831613222757975,0.003396296526878686,0.8077085415522257,0.005597358839120644,0.7976779341697693,0.006414136269551642,0.8182286222775778,0.017530435818278282,3
emp_H3K36me3,HyenaDNA,0.0006,256,True,0.4894318679968516,0.018325400934077366,0.7481842637062073,0.008360225561273452,0.7748868465423584,0.006116642699114442,0.771699051062266,0.014919382215268473,0.7784071365992228,0.01429190903351633,3
emp_H3K36me3,Mamba-bpe,0.0002,128,True,0.5046238799889883,0.012508879909707732,0.7545871535936991,0.0062022086254068225,0.7767963608105978,0.006164734364710512,0.7868523399035136,0.007353820572425101,0.7670786182085673,0.010999988706780392,3
emp_H3K36me3,Mamba-char,0.0001,128,True,0.48541759451230365,0.007380617476368987,0.7463685075441996,0.005163193737915667,0.7762018839518229,0.01269839276625799,0.7630672057469686,0.0179100033364275,0.7914521098136902,0.04366015017679967,3
emp_H3K4me1,Caduceus,0.001,128,False,0.4684956868489583,0.0024372766138831357,0.7375841935475668,0.0011950588289873724,0.7656838099161783,0.001780199640458712,0.7488293449083964,0.0031541243131908902,0.7833525737126669,0.006326206826565421,3
emp_H3K4me1,HyenaDNA,0.0006,256,True,0.4360241691271464,0.0008522415103516151,0.7220117847124735,0.00036446551686450607,0.7587605118751526,0.004278460033966558,0.7226851582527161,0.007036083335875264,0.7989234924316406,0.018312714600502857,3
emp_H3K4me1,Mamba-bpe,0.0002,128,True,0.39760822057724,0.014299845295896712,0.7022306521733602,0.006860237550811377,0.7320986787478129,0.007534154026568369,0.7213757236798605,0.011588338468488635,0.7435601552327474,0.02065149303596502,3
emp_H3K4me1,Mamba-char,0.0002,128,True,0.3928995728492737,0.004002527574655811,0.6999158263206482,0.0038573811021416406,0.7329231103261312,0.015180600831326217,0.7147416273752848,0.015624257365641164,0.7539407809575399,0.04766894344694969,3
emp_H3K4me2,Caduceus,0.001,128,False,0.3872157732645671,0.019582748982935595,0.7055501341819763,0.010222907266156957,0.7558465997378031,0.011703411007083081,0.7336790362993876,0.007923004728659575,0.7797585924466451,0.02527511598099128,3
emp_H3K4me2,HyenaDNA,0.0006,256,True,0.30693979064623517,0.023200649057800674,0.6693819959958395,0.012318836904329543,0.7316796978314718,0.014577403178656696,0.6961479187011719,0.005297950956768218,0.7714020212491354,0.029638381029512075,3
emp_H3K4me2,Mamba-bpe,0.0002,128,True,0.3298137187957763,0.017584742058386473,0.6762246092160543,0.00786299609891863,0.7276686827341715,0.014367749708272409,0.7165548404057821,0.018213621242090312,0.7409470876057943,0.04572320504937143,3
emp_H3K4me2,Mamba-char,0.0001,256,True,0.3014051020145416,0.005329603755421999,0.6684044599533081,0.00328002868888022,0.7355151573816935,0.005532693579765285,0.689311663309733,0.0020675690017553402,0.7884865403175354,0.014837495061513233,3
emp_H3K4me3,Caduceus,0.001,256,False,0.4340491195519765,0.02288533852699219,0.7180253664652506,0.010532590369489139,0.7356717785199484,0.0033381496788833925,0.7313998142878214,0.022451049859371155,0.7407217423121134,0.017716871872883944,3
emp_H3K4me3,HyenaDNA,0.0006,256,True,0.35244492689768475,0.019569341180007974,0.6765398581822714,0.007615176735765929,0.6925736864407858,0.007970007177680498,0.6986034512519836,0.026132904364003062,0.6887292663256327,0.040537936111771505,3
emp_H3K4me3,Mamba-bpe,0.0002,128,True,0.3998544712861379,0.006786119718406491,0.7014492750167847,0.003125996744753696,0.7230139176050822,0.0017374948328876278,0.7108719746271769,0.008327548839679755,0.7357619206110636,0.011552947778793184,3
emp_H3K4me3,Mamba-char,0.0002,256,True,0.3236417472362518,0.010608391113994671,0.6629528800646464,0.00574092606936973,0.6823595563570658,0.011667383219845187,0.6811697085698446,0.007681519268114324,0.684111495812734,0.02782187879283881,3
emp_H3K79me3,Caduceus,0.002,256,False,0.6677345434824625,0.00873527745326687,0.834257980187734,0.004690612953082631,0.8439173102378845,0.0077691521728216984,0.8408584197362264,0.01063470780517214,0.8475316762924194,0.026083667129476646,3
emp_H3K79me3,HyenaDNA,0.0006,256,True,0.6195428570111593,0.018200519485283645,0.810217281182607,0.008509880868546153,0.8251304626464844,0.011892754702478314,0.8046478430430094,0.006891537727623015,0.8473132451375326,0.03262750703816831,3
emp_H3K79me3,Mamba-bpe,0.0001,128,True,0.6180868744850159,0.0047777484785683794,0.8092926343282064,0.002402285789942093,0.8178219199180603,0.003249465018673968,0.8269185026486715,0.00833510747825625,0.8090869386990865,0.012370112551941119,3
emp_H3K79me3,Mamba-char,0.0002,256,True,0.6014506618181864,0.016318670534788058,0.8014331857363383,0.008222455431457843,0.8173904418945312,0.006780054497668365,0.7963578502337137,0.014578772158851425,0.8398864269256592,0.015867835321273116,3
emp_H3K9ac,Caduceus,0.002,256,False,0.582718014717102,0.015077715603134687,0.7930910587310791,0.00702384328898629,0.8108980258305868,0.005166567784311388,0.8189801772435507,0.011264219548190268,0.8030401666959127,0.003587976889342088,3
emp_H3K9ac,HyenaDNA,0.0006,256,True,0.543411374092102,0.01611871535529805,0.7738994757334391,0.00884605576362627,0.7965166568756104,0.013557759798231202,0.7920523881912231,0.020153058647062336,0.8026058673858643,0.042375349547035465,3
emp_H3K9ac,Mamba-bpe,0.0002,128,True,0.5229059855143229,0.01106932064811943,0.762624462445577,0.006943478462799454,0.7811151544253031,0.01147360954680057,0.7958363095919291,0.011593603306226281,0.7676438689231873,0.03062813000428762,3
emp_H3K9ac,Mamba-char,0.0002,128,True,0.5159542163213094,0.0065675208986005935,0.760585367679596,0.004044548361722116,0.7837855815887451,0.007724488501276257,0.7819615999857584,0.009944344649708267,0.7861020565032959,0.02410714893765247,3
emp_H4,Caduceus,0.001,256,False,0.8003159364064535,0.011032076249815734,0.9012092153231303,0.0057402269618212634,0.8892572124799093,0.005451291019464022,0.883389929930369,0.015350573102463332,0.8954147299130758,0.009936801469848827,3
emp_H4,HyenaDNA,0.0006,256,True,0.7900529305140177,0.009845113598267624,0.8959616621335348,0.0049357167925720225,0.8828155597050985,0.006966385089634289,0.8810358047485352,0.02209141684560846,0.885625958442688,0.030911922454833984,3
emp_H4,Mamba-bpe,0.0002,128,True,0.7666089137395223,0.014127991459263604,0.885010282198588,0.006946549516442403,0.867220918337504,0.009592151937809119,0.8869379162788391,0.0014876852771831812,0.8485316832860311,0.019732820448937607,3
emp_H4,Mamba-char,0.0002,128,True,0.7832982937494913,0.006109561175339257,0.8925393422444662,0.0031365897792821986,0.8805505633354187,0.0032206308287014724,0.8672070900599161,0.00781486925923325,0.8943843444188436,0.007304201888332115,3
emp_H4ac,Caduceus,0.002,256,False,0.5125473439693451,0.024741821403612252,0.757086992263794,0.011731415923381023,0.7734655936559042,0.004875395493522253,0.7692558964093527,0.02781119697620705,0.778879702091217,0.02449983739454157,3
emp_H4ac,HyenaDNA,0.0006,256,True,0.42419691880544025,0.035201956068364425,0.713587482770284,0.017754266057334014,0.7415041327476501,0.02118175531222454,0.7134294509887695,0.017725573786449372,0.7731864253679911,0.045767632579184744,3
emp_H4ac,Mamba-bpe,0.0002,128,True,0.45403648416201275,0.016256019099990065,0.7281525135040283,0.008392418988295864,0.7460546096165975,0.01264441016656324,0.7417633930842081,0.008517027869475032,0.7509641846021017,0.03009191039638857,3
emp_H4ac,Mamba-char,0.0002,128,True,0.39080583055814105,0.021268506791633546,0.6965786814689636,0.011572734681413621,0.7151428063710531,0.01712668062965826,0.7142884532610575,0.0018230277515461414,0.7164371013641357,0.032203507662243,3
enhancers,CNN,0.001,64,False,0.5012047588825226,0.013712178713740041,0.7447777589162191,0.010844001489423948,0.758832573890686,0.0032852663688849298,0.7008707722028097,0.025313753429818453,0.8290892243385315,0.03529717459759542,3
enhancers,Caduceus,0.001,128,True,0.5048767626285553,0.008304420885296494,0.7453333377838135,0.00820267434652252,0.7613354206085206,0.0041295191656565,0.6982688426971435,0.02051070933970873,0.8390915274620057,0.03691699099988389,10
enhancers,HyenaDNA,0.0002,256,True,0.4918160278063554,0.01083058078467929,0.739794868689317,0.004406509981339109,0.7556411165457505,0.007549443240042094,0.6930450888780447,0.0060802484931900165,0.8311715951332679,0.022878526958446353,13
enhancers,Mamba-bpe,5e-05,256,True,0.4866259671174563,0.007862029967141422,0.7355897426605225,0.00570112453720578,0.755012741455665,0.0033018942485002777,0.6851499126507685,0.010730537157240308,0.8412832892858065,0.017561235024210746,13
enhancers,Mamba-char,0.002,256,True,0.48944982198568493,0.011106368934510258,0.7373076860721295,0.004852378440448062,0.7552718703563397,0.00782025438634966,0.6884542107582092,0.012281599890062715,0.8377362535550044,0.032145077057816336,13
enhancers_types,CNN,0.001,64,False,0.44234217206637066,0.006993058011337976,0.7053333520889282,0.005044255262050092,0.5013497471809387,0.006811326546312952,0.6286720037460327,0.07998114206305838,0.5025890072186788,0.004648858326492547,3
enhancers_types,Caduceus,0.001,128,True,0.4609411895275116,0.01010063823686722,0.708733332157135,0.010959858548166286,0.49399403035640715,0.021664345999313894,0.546956580877304,0.08518747662188958,0.5031815290451049,0.012510373141889122,10
enhancers_types,HyenaDNA,0.0002,256,True,0.4474447477947582,0.011362958612992101,0.7029393911361694,0.006523153816711979,0.49409938942302356,0.015966905262214535,0.551930541341955,0.06524822800076274,0.5005520771850239,0.008651222119690228,11
enhancers_types,Mamba-bpe,5e-05,256,True,0.4485854987914746,0.01005254868107273,0.6996153822311988,0.005577481554002258,0.4979990858298082,0.015433447010272603,0.6172526662166302,0.0855400863289683,0.5028007580683782,0.0084130739072078,13
enhancers_types,Mamba-char,0.002,128,True,0.46116782047531824,0.006862929046362105,0.7080606113780629,0.006966291360743676,0.5092994787476279,0.009444828127933144,0.6244098381562666,0.03220346272836873,0.5106929757378318,0.006111348935966343,11
human_enhancers_cohn,CNN,0.001,64,False,0.4029020567735036,0.01564441771507773,0.6988581816355387,0.009035702776621026,0.6994496583938599,0.025554447426545585,0.7019848823547363,0.04638632688721048,0.7061024705568949,0.09233743763351711,3
human_enhancers_cohn,Caduceus,0.001,128,True,0.4934702396392822,0.007828251635061578,0.7462003529071808,0.004137141752848667,0.7515595972537994,0.0063966985486608495,0.7364138603210449,0.014128020357229432,0.7682498514652252,0.024758835014799984,10
human_enhancers_cohn,HyenaDNA,6e-05,128,True,0.46887577726290774,0.0077427997954988455,0.7340352535247803,0.003859922809698166,0.7305283913245568,0.008893180312938757,0.7405557173949021,0.012860150544339916,0.7217793648059552,0.02858272451588058,13
human_enhancers_cohn,Mamba-bpe,1e-05,256,True,0.478410562643638,0.004440635991638554,0.7389176763021029,0.002292298750043296,0.741335602907034,0.0067405428867484745,0.7347295742768508,0.010579375409257848,0.7487932306069595,0.02379891238379678,13
human_enhancers_cohn,Mamba-char,0.001,256,True,0.472566164456881,0.009986760515376293,0.734965232702402,0.0054399671303824995,0.7398816713920007,0.014734759458903155,0.7272947476460383,0.022252474946779097,0.7562995415467483,0.0510547704053231,13
human_enhancers_ensembl,CNN,0.001,64,False,0.5394231975078583,0.05434072081484794,0.7606716354688009,0.04094250561857907,0.7802417675654093,0.014912440585347601,0.7337337732315063,0.07776673726466479,0.846109131971995,0.0874306707654077,3
human_enhancers_ensembl,Caduceus,0.001,128,True,0.8218148708343506,0.005224294411520404,0.9106296539306641,0.0026712403936487816,0.9119177341461182,0.0028356024871062043,0.8990535736083984,0.009475413769006787,0.9253729462623597,0.01186619638083899,10
human_enhancers_ensembl,HyenaDNA,0.0006,256,True,0.7570318992321308,0.005454519278327519,0.878301583803617,0.0029240397377812487,0.8797960510620704,0.0021818213702441934,0.8693833672083341,0.01060574242816046,0.8906832887576177,0.010146423720203168,13
human_enhancers_ensembl,Mamba-bpe,0.0001,128,True,0.7324431701139971,0.034049294830838905,0.864998383955522,0.017568846445201715,0.8604987209493463,0.021854522831008402,0.8869953209703619,0.009305912095057932,0.8371620557524941,0.04899344234102659,11
human_enhancers_ensembl,Mamba-char,0.001,256,True,0.7432055748425997,0.05048911772986835,0.8710290285257193,0.026008304487942956,0.8718220683244559,0.028425530063965494,0.8648460507392883,0.02499560520580896,0.8802612928243784,0.04533017395410077,13
human_ensembl_regulatory,CNN,0.001,64,False,0.7999252676963806,0.003069887641348492,0.8649177948633829,0.0021308035443992797,0.8689461549123129,0.0020538768434851308,0.8820325334866842,0.0016986108465948892,0.8637653986612955,0.002189440941209679,3
human_ensembl_regulatory,Caduceus,0.0005,128,False,0.8062918186187744,0.009700907636378741,0.868498702843984,0.007694234077260306,0.8718310594558716,0.007701737987901093,0.8866843183835348,0.0030988640810874772,0.8667353987693787,0.008467348854304462,3
human_ensembl_regulatory,HyenaDNA,6e-05,128,True,0.7946338653564453,0.006103076761584871,0.8609378750507648,0.004886338892585961,0.8640545973410974,0.005257664830250375,0.878033303297483,0.0038027098175488594,0.8594784048887399,0.005291400423603117,13
human_ensembl_regulatory,Mamba-bpe,5e-05,128,True,0.8493287165959676,0.001939036036304919,0.8996528784434,0.0012868328754703524,0.9013075828552246,0.0013743188152732448,0.9043205181757609,0.0014383071204559807,0.8995612462361654,0.0013459762675582594,6
human_ensembl_regulatory,Mamba-char,0.001,256,True,0.6052379241356483,0.13588159602564553,0.7325466000116788,0.09243746952650282,0.7359066880666293,0.09285611321956518,0.7591250951473529,0.09452986740971356,0.7324671745300293,0.0871713026451757,13
human_nontata_promoters,CNN,0.001,64,False,0.7227225303649902,0.01049318033226562,0.8606745004653931,0.004250267465851871,0.8678600589434305,0.002390558625596993,0.8969496687253317,0.015385325321335236,0.8408274054527283,0.010175645411112665,3
human_nontata_promoters,Caduceus,0.001,256,True,0.8913493514060974,0.0033187964267522305,0.94510737657547,0.0014633485769764709,0.9482648015022278,0.001335646201989471,0.9732400953769684,0.009205248630387625,0.9246795535087585,0.008640977029957402,10
human_nontata_promoters,HyenaDNA,0.0006,256,True,0.8804861398843619,0.0072431156746544795,0.9395531370089605,0.003558709185391609,0.9428637669636653,0.00335962400273021,0.9705930581459632,0.006929815093539972,0.9167384000924917,0.00659655789100319,13
human_nontata_promoters,Mamba-bpe,0.0001,256,True,0.894918849835029,0.0038054963115871023,0.9470376784984882,0.0018712324630876,0.9501879352789658,0.0018242354450020853,0.9729695365979121,0.00703096352073205,0.9285390056096591,0.0073579555982902015,13
human_nontata_promoters,Mamba-char,0.001,256,True,0.9109581387959994,0.008247541259291575,0.9552204425518329,0.004299402306583096,0.9580138921737671,0.004209238281436369,0.9774650839658884,0.003478861022302094,0.9393692841896644,0.008415921262245808,13
human_ocr_ensembl,CNN,0.001,64,False,0.39983171224594116,0.014312660436491717,0.6997310717900594,0.007025668430066228,0.70452481508255,0.011377263579948602,0.6933086713155111,0.003366981729422554,0.7163538535435995,0.022686562389139332,3
human_ocr_ensembl,Caduceus,0.001,128,False,0.6359503666559855,0.001958097735035826,0.8169775605201721,0.002452370886141371,0.8218925793965658,0.003814499064011455,0.801038404305776,0.021055022661334178,0.8450446128845215,0.03193170852047706,3
human_ocr_ensembl,HyenaDNA,0.0006,256,True,0.604758436863239,0.0036987062530432317,0.8021198281875024,0.0020317693522255626,0.8017024718798124,0.004389464008766416,0.8036813735961914,0.013177017993361961,0.8004031960780804,0.02123794337295757,13
human_ocr_ensembl,Mamba-bpe,5e-05,128,True,0.5452964260027959,0.005166785362535254,0.7723449331063491,0.002565139720252067,0.7762599358191857,0.0051036316366440595,0.7632011725352361,0.007905805054867506,0.7901429579808161,0.017149617319025888,13
human_ocr_ensembl,Mamba-char,0.002,256,True,0.6318909434171823,0.003486994625609699,0.8156658823673542,0.0017014565678815324,0.8168006447645334,0.004462218260661002,0.812000049994542,0.012355750570854392,0.8222925479595478,0.021195251839158383,13
mouse_0,Caduceus,0.002,128,True,0.6095968655177525,0.01795157361738515,0.8022927641868591,0.008446604472414528,0.7913064871515546,0.012006708970101568,0.8394601004464286,0.03444583448026548,0.7509700230189732,0.039824547338318826,7
mouse_0,HyenaDNA,0.0006,256,True,0.5233623564243317,0.02200315271358055,0.7598765373229981,0.012885978720219553,0.7514477670192719,0.025362584709102878,0.7790037274360657,0.029240882793391956,0.7303703606128693,0.06203818172476244,10
mouse_0,Mamba-bpe,0.0001,128,True,0.5067886068270757,0.01614752532253821,0.7524216496027433,0.008229659425609047,0.7456075044778677,0.013683720936113806,0.7674275728372427,0.022710304031161855,0.7270655265221229,0.038537712318255604,13
mouse_0,Mamba-char,0.0002,128,True,0.4650623112916946,0.01845051146724937,0.7313580274581909,0.00974188924658896,0.7185530662536621,0.015553481668885363,0.7543780863285064,0.012723996436791092,0.6869135737419129,0.03140109217555243,10
mouse_1,Caduceus,0.001,128,False,0.8481798966725668,0.004009860263988808,0.9239436785380045,0.0018576699419700518,0.9230370124181112,0.001329573791756989,0.9341851075490316,0.008340528339997131,0.9122182726860046,0.0054360294044434815,3
mouse_1,HyenaDNA,0.0006,256,True,0.8235520899295807,0.003560530709616062,0.9112676024436951,0.0019992031417396194,0.909514170885086,0.0029953878002412157,0.9278253972530365,0.014576421653585546,0.8924080729484558,0.01785378811826731,10
mouse_1,Mamba-bpe,0.0002,256,True,0.8008165863844064,0.005546039686254798,0.8997776141533484,0.0027364244120492718,0.8971900206345779,0.003020134975164192,0.92102234180157,0.012465298098696906,0.8748745276377752,0.013442853147468967,13
mouse_1,Mamba-char,0.0002,256,True,0.7949926555156708,0.003518505519230684,0.8972127497196197,0.0016105729633559144,0.8955838143825531,0.0015371874753820308,0.9100495994091033,0.010609804611787581,0.8817912101745605,0.010866839515081588,10
mouse_2,Caduceus,0.002,128,True,0.8449028730392456,0.016747399757775203,0.9211672629628863,0.008148200824153675,0.9210491350718907,0.008148601385931166,0.9237406509263175,0.008658499264057418,0.9211672629628863,0.008148200824153675,7
mouse_2,HyenaDNA,0.0006,128,True,0.8014865756034851,0.032049084501523224,0.8993902385234833,0.01619653003931029,0.8992133975028992,0.016280049933730428,0.9021103143692016,0.016100815047892875,0.8993902385234833,0.01619653003931029,10
mouse_2,Mamba-bpe,0.0002,128,True,0.77183742248095,0.021234836047251,0.8853189395024226,0.010745838996221979,0.8852273455032935,0.010776232616093374,0.8865202436080346,0.010519221174827266,0.8853189395024226,0.010745838996221979,13
mouse_2,Mamba-char,0.0002,128,True,0.7209481682096209,0.02379078087682999,0.8584494846207755,0.012049072345069373,0.8580468382154193,0.01214740937292021,0.8625146235738482,0.01189493702164911,0.8584494846207755,0.012049072345069373,7
mouse_3,Caduceus,0.002,128,False,0.8368571798006693,0.008502966010765854,0.9163179794947306,0.0041840970516558215,0.9115009705225626,0.004495423320093051,0.96269690990448,0.008792820332868887,0.8655462265014648,0.008403360843658447,3
mouse_3,HyenaDNA,0.0006,128,True,0.73686443567276,0.04774589113794104,0.8656903743743897,0.022699785119932807,0.8586746394634247,0.022229408656483502,0.9063624501228332,0.05082553694146976,0.8184874057769775,0.03803752198324728,10
mouse_3,Mamba-bpe,0.0002,128,True,0.5878391861915588,0.0471288303278081,0.792404252749223,0.024607959427001717,0.789327832368704,0.029464449599743626,0.798965532046098,0.04051884215221285,0.7847446799278259,0.06103664182421356,13
mouse_3,Mamba-char,0.0002,128,True,0.5012147009372712,0.02834377866676947,0.7414225935935974,0.013053682410732521,0.7014611065387726,0.023619796964896026,0.8274994671344758,0.045357427299872397,0.6126050651073456,0.048589547191804604,10
mouse_4,Caduceus,0.002,256,False,0.4959304134051005,0.004939890448603359,0.7479199965794882,0.0025097401710507394,0.7482286294301351,0.0006976408641035417,0.7470342516899109,0.008069615941459473,0.7495571970939636,0.009038142639169102,3
mouse_4,HyenaDNA,0.0006,128,True,0.4680519878864288,0.015895854859366145,0.7331386089324952,0.007988594179158625,0.7292555510997772,0.010343018666154231,0.741168862581253,0.026693110516010095,0.7202975630760193,0.040001052350703864,10
mouse_4,Mamba-bpe,5e-05,128,True,0.418441864160391,0.01284242823148933,0.7086482277283301,0.006747330447241363,0.7081245963390057,0.014177950649091161,0.7094779152136582,0.01639649734952336,0.7087386617293725,0.0401428985521136,13
mouse_4,Mamba-char,0.0002,128,True,0.42293569445610046,0.016539009006114186,0.7106744527816773,0.0078921043219084,0.7037895023822784,0.014083563273903886,0.7213408708572387,0.021470416460199072,0.6891604661941528,0.03972546829635246,10
phage_fragments,HyenaDNA,0.003,128,True,0.45209993918736774,0.10392928087950301,0.7094312508900961,0.06620719125977235,0.6368318398793539,0.1319225622935908,0.8224241534868876,0.03389930390592505,0.5406767527262369,0.1968797422082798,3
prom_300_all,Caduceus,0.001,256,True,0.8224929943680763,0.004650253014240856,0.9103462994098663,0.002264044333883781,0.9137348458170891,0.002329010633801418,0.8860588297247887,0.007140190686369423,0.9433305263519287,0.009807186603526348,8
prom_300_all,HyenaDNA,0.0006,128,True,0.8259958505630494,0.005160566394352372,0.9124831140041352,0.0026307011999277736,0.915096539258957,0.0025691035596594855,0.8943439543247222,0.00800307012457341,0.936979866027832,0.009508224511512984,10
prom_300_all,Mamba-bpe,5e-05,256,True,0.8097047393138592,0.0032180817867264668,0.9040800333023071,0.0015873738364165038,0.9075886515470651,0.001592232068347062,0.881118526825538,0.0044685058359563495,0.9357511630425086,0.005925157925802542,13
prom_300_all,Mamba-char,0.0001,128,True,0.8180978178977967,0.00653785286642002,0.9085473001003266,0.003085254980325572,0.9112818896770477,0.0035134850243121463,0.8903852701187134,0.004716253905861567,0.9332885921001435,0.010473769244750249,10
prom_300_notata,Caduceus,0.001,128,False,0.9285897016525269,0.0037901761355285907,0.9642610549926758,0.0019246837330654228,0.9644446372985839,0.0020167687058466393,0.9697243769963583,0.0012627901069252872,0.9592343966166178,0.004923031505064332,3
prom_300_notata,HyenaDNA,0.0006,256,True,0.9176021099090577,0.005357564074857573,0.958752590417862,0.0026654809257450093,0.9590417206287384,0.002611463961233467,0.9626691043376923,0.007165344367197907,0.9555182695388794,0.006690772069231381,10
prom_300_notata,Mamba-bpe,5e-05,128,True,0.9107249975204468,0.00461184652699831,0.9551390822117145,0.0024307582070475005,0.9550100564956665,0.0026736510975603847,0.9680453401345473,0.006633835356995934,0.9424367547035217,0.00952978587868359,13
prom_300_notata,Mamba-char,0.0002,128,True,0.9171043992042541,0.0026623054347844903,0.9584134161472321,0.0013876709574589755,0.9584438323974609,0.0015135892218079785,0.9681046843528748,0.006678768606633475,0.9490678548812866,0.007831355937109392,10
prom_300_tata,Caduceus,0.002,128,False,0.5796274145444235,0.001227713696960751,0.7879282236099243,0.002825528296968496,0.7691381772359213,0.016729885713222845,0.8180383443832397,0.03761492546060921,0.7293064991633097,0.05707986471554514,3
prom_300_tata,HyenaDNA,0.0006,128,True,0.4658185452222824,0.04306915041674125,0.7324632942676544,0.022074809292441114,0.7264455258846283,0.017681010183054124,0.7245138823986054,0.0351280868577919,0.7302013456821441,0.02848288173666383,10
prom_300_tata,Mamba-bpe,5e-05,128,True,0.30978469206736636,0.033034684319669085,0.6545363297829261,0.015635094665808737,0.6380446828328646,0.023963861893561863,0.6509905274097736,0.023539906514678487,0.6288074346689078,0.05611052661948423,13
prom_300_tata,Mamba-char,0.0002,128,True,0.3343643337488174,0.030043928051599052,0.6670473158359528,0.0158246598980808,0.6593001365661622,0.012196179501415255,0.657056313753128,0.022255243038636997,0.6627516686916352,0.025470462235487285,10
prom_core_all,Caduceus,0.001,256,False,0.6585404674212137,0.011108790289892288,0.8284909923871359,0.004925774792529469,0.8237756689389547,0.002866051219193286,0.8500546216964722,0.01918237602836832,0.7995283007621765,0.01588923508354986,3
prom_core_all,HyenaDNA,0.0006,256,True,0.6263807475566864,0.007696185778026942,0.8130405426025391,0.003943708094555579,0.8129384398460389,0.005324637581411411,0.8156892240047455,0.010229651381787797,0.8105795025825501,0.01692986823037738,10
prom_core_all,Mamba-bpe,0.0001,128,True,0.5962232626401461,0.008933506546137445,0.7975311875343323,0.004357960208724749,0.7938934839688815,0.005833611075517839,0.8112036677507254,0.01747817820348624,0.7781982146776639,0.02321392841331548,13
prom_core_all,Mamba-char,0.0002,128,True,0.6172396659851074,0.006939457445879541,0.8083445787429809,0.003365415848616674,0.8087366104125977,0.004653943327555543,0.8096459925174713,0.015332604198031313,0.8085579395294189,0.02151696677679956,10
prom_core_notata,Caduceus,0.002,256,False,0.6803110639254252,0.00452842360889847,0.8392689029375712,0.0028452328755103535,0.8339822689692179,0.005368400825523969,0.8641907771428426,0.00841912228069724,0.8060674468676249,0.017415173017388347,3
prom_core_notata,HyenaDNA,0.0006,256,True,0.6638021528720855,0.003559814845098017,0.8318258941173553,0.0017859567446008044,0.8325061023235321,0.0019395571151796117,0.8309805750846863,0.00830700062305226,0.8342233836650849,0.010497087081306873,10
prom_core_notata,Mamba-bpe,5e-05,256,True,0.6520612102288467,0.006618409739348702,0.8258613439706656,0.003288854629929224,0.824642185981457,0.004154303966133113,0.832316476565141,0.0097539451057129,0.8173980942139258,0.01415319782818178,13
prom_core_notata,Mamba-char,0.0002,128,True,0.6542926490306854,0.004219173058618975,0.8269078612327576,0.002108024114702975,0.8252352595329284,0.0031255519362654214,0.8352363884449006,0.011028663792107544,0.8158330142498016,0.015376003681213486,10
prom_core_tata,Caduceus,0.002,128,False,0.6323048969109853,0.15439160791752704,0.8145731290181478,0.07598057372078237,0.8104873100916544,0.07143608001470604,0.8450453082720438,0.09925152681540841,0.7799352804819742,0.051779955625536916,3
prom_core_tata,HyenaDNA,0.0006,128,True,0.46511667424982245,0.03142093775271385,0.7323149930347096,0.01568877135017844,0.7370452826673334,0.015905557195675293,0.7303793592886492,0.019768681429334675,0.7446307756684043,0.027515865938438577,11
prom_core_tata,Mamba-bpe,0.0002,256,True,0.42373712475483233,0.02792954681713528,0.7105032022182758,0.014152999107175632,0.7265687401478107,0.014291239482247845,0.694115400314331,0.020052120042042793,0.7637540514652545,0.03500536267488104,13
prom_core_tata,Mamba-char,0.0002,128,True,0.537851479920474,0.017356540878754406,0.7682040713050149,0.008858990360059911,0.7744807004928589,0.009213169648847474,0.760906690900976,0.022648919550626673,0.7902324199676514,0.032388935974930706,11
promoter_all,CNN,0.001,64,False,0.7349716822306315,0.013302862721020936,0.8672138253847758,0.0069826048392704855,0.8651795387268066,0.008840136267414266,0.8783489465713501,0.008552143611575316,0.8526935974756876,0.02129063295384607,3
promoter_all,Caduceus,1e-05,128,True,0.7184974193572998,0.004527733555907936,0.8590277671813965,0.002126356300221969,0.8567407906055451,0.001759689578194901,0.8709754288196564,0.007382224919261255,0.8430555582046508,0.006521531463056472,10
promoter_all,HyenaDNA,6e-05,128,True,0.7080174413594332,0.010174693104973641,0.8536501310088418,0.005056958106736721,0.8520087599754333,0.0050849680496932404,0.8621778704903342,0.017454771689840585,0.8427456346425143,0.019587920051151526,11
promoter_all,Mamba-bpe,0.0002,128,True,0.6976298689842224,0.011192002065169671,0.8478049819286053,0.005578350139247268,0.8437437002475445,0.007500930396366656,0.8674896726241479,0.0226943260412017,0.822649570611807,0.030239902832511146,13
promoter_all,Mamba-char,0.002,128,True,0.7107391494971055,0.008614624060559822,0.8543123602867126,0.00429844397768933,0.8503165061657245,0.005724687428427318,0.8750699208332942,0.023057253687803283,0.8282828285143926,0.029067837431431463,13
promoter_no_tata,CNN,0.001,64,False,0.7311205466588339,0.018603218683857555,0.8644314805666605,0.010204063994544179,0.8593306740125021,0.013349625069478186,0.8921787738800049,0.01205398498375056,0.8294460574785868,0.031366520330160345,3
promoter_no_tata,Caduceus,0.0001,128,True,0.7380084097385406,0.008129100404028389,0.8680029094219208,0.004589847024727601,0.8632900595664978,0.006551476088260695,0.8950358211994172,0.009811394481563807,0.8341107904911041,0.01905356297400577,10
promoter_no_tata,HyenaDNA,6e-05,256,True,0.7353033744371854,0.005157732276301958,0.8669544733487643,0.0029994995158233464,0.8631617977068975,0.004742688408131429,0.8884471563192514,0.010436913014963942,0.8396501495287969,0.01696858972378477,13
promoter_no_tata,Mamba-bpe,5e-05,256,True,0.7267448764580947,0.008639666139802335,0.8626373593623822,0.004348971523633263,0.8589589274846591,0.0054967127081301135,0.88285893201828,0.016221296833685186,0.8369589585524339,0.020206261074172806,13
promoter_no_tata,Mamba-char,0.002,128,True,0.7331296526468717,0.009732062380001783,0.8659452795982361,0.004829796220962494,0.8621686146809504,0.005149693789150793,0.8872547608155471,0.009940983108915887,0.8386409420233506,0.01131319362452233,13
promoter_tata,CNN,0.001,64,False,0.8875242869059244,0.02603045420220887,0.9433962305386862,0.012479966240585479,0.9441502094268799,0.012964205195479172,0.9299029509226481,0.00436895544220907,0.9591194788614908,0.02723349936787772,3
promoter_tata,Caduceus,0.001,128,True,0.8384350597858429,0.034650929475297035,0.9188679218292236,0.017338414109795,0.9181426703929901,0.01813461442696148,0.9257608652114868,0.021770477262991153,0.9113207578659057,0.02956644636630927,10
promoter_tata,HyenaDNA,0.0002,128,True,0.6709810603748668,0.03282257410403264,0.8344768448309465,0.016401881986141117,0.8399490497329019,0.015759157933664423,0.8134344220161438,0.020237991536846463,0.8687821572477167,0.023661960925602594,11
promoter_tata,Mamba-bpe,0.0002,256,True,0.6208050342706534,0.031834601303175974,0.8084179896574754,0.016847229516326147,0.8155887310321515,0.01498735127104842,0.7881174958669223,0.031974114841140454,0.8476052238390996,0.03943616960661004,13
promoter_tata,Mamba-char,0.001,128,True,0.6758290941898639,0.04025487129472501,0.835994188602154,0.02066462937037924,0.8401934091861432,0.0190649685756112,0.8220268717178931,0.041173560593239344,0.8628447101666377,0.046634602699905305,13
reconstructed,Caduceus,0.001,256,False,0.7992051839828491,0.04215818123870489,0.8829460740089417,0.024870518209414282,0.8718417485555013,0.029453561116914242,0.8781117995580038,0.028585183800311706,0.8672707279523214,0.028701143902578188,3
reconstructed,HyenaDNA,0.0006,128,True,0.8200088143348694,0.011928165474723619,0.8950021862983704,0.0067031195766636045,0.8868073999881745,0.007620052514258778,0.8916854143142701,0.008453128349020622,0.8828283250331879,0.011566140447000836,10
reconstructed,Mamba-bpe,0.0002,128,True,0.6142079876019404,0.015667112893374652,0.7764812937149634,0.00880017157722993,0.7498917121153611,0.010804685847474392,0.7573990730138925,0.01095351932582285,0.7438237116887019,0.012448400497750096,13
reconstructed,Mamba-char,0.0002,128,True,0.6641183137893677,0.02491635860742697,0.8044278800487519,0.0151130323706726,0.785248476266861,0.0176363587239688,0.7903924226760864,0.020776673285180583,0.7812412083148956,0.016657032670746294,10
splice_sites_acceptors,CNN,0.001,64,False,0.9277280966440836,0.005003419283594869,0.9637777805328369,0.002523933767037524,0.9635035395622253,0.0025104279340436675,0.9547569155693054,0.004722909049591673,0.9724293748537699,0.003855072427015197,3
splice_sites_acceptors,Caduceus,0.001,128,True,0.873468154668808,0.009030628089775498,0.9366999983787536,0.004495403547755789,0.9359123587608338,0.00474116396996762,0.9316451907157898,0.004840570969397211,0.9402711927890778,0.00872006186337351,10
splice_sites_acceptors,HyenaDNA,0.0006,128,True,0.8873886741124667,0.016355721692532625,0.9436410298714271,0.008145046684483983,0.9428987778150119,0.008280774663468521,0.9394377103218665,0.010688564058927317,0.9464928324405963,0.011556825721471686,13
splice_sites_acceptors,Mamba-bpe,0.0002,128,True,0.6068858412595896,0.02902553973216211,0.8021794878519498,0.015870207005580988,0.8034073343643775,0.01442878314401251,0.7873681921225327,0.030535236550388443,0.8224250353299655,0.036489090029806326,13
splice_sites_acceptors,Mamba-char,0.002,128,True,0.9018607277136582,0.007246221199601246,0.950871793123392,0.003624849619297367,0.9501023705189044,0.003815606443706129,0.9488558035630447,0.008335695806895888,0.9514993520883414,0.01051981647708367,13
splice_sites_all,CNN,0.001,64,False,0.9268081386884054,0.001997274063124277,0.9511110981305441,0.001387767419570869,0.951031764348348,0.0014805244164707357,0.9508967200915018,0.0014302496873378283,0.951493481794993,0.0013670537179231099,3
splice_sites_all,Caduceus,0.001,128,True,0.9110506236553192,0.010184550846532438,0.9407000064849853,0.006797702925305083,0.9409106731414795,0.00681685613759569,0.9408801794052124,0.006884192255132482,0.9410295128822327,0.006728584567173012,10
splice_sites_all,HyenaDNA,0.0006,128,True,0.9091687752650335,0.015455827670763927,0.9394359038426325,0.010307658656550743,0.939729630947113,0.01022969065081833,0.9399700302344102,0.010003140682562481,0.9396363680179303,0.010412383173033292,13
splice_sites_all,Mamba-bpe,0.0002,128,True,0.7049040060776931,0.012637245340805585,0.8026153857891376,0.008900537376258634,0.8022139439216027,0.009333759914794888,0.8027011614579421,0.008537116501001385,0.8038459466053889,0.00865897093753003,13
splice_sites_all,Mamba-char,0.002,128,True,0.929815411567688,0.00573609773068882,0.9531794924002427,0.0038576851592598475,0.9533032683225778,0.003858660059876414,0.9533917445402879,0.0038345929867973257,0.9533824095359216,0.0037919369987265664,13
splice_sites_donors,CNN,0.001,64,False,0.9528912703196206,0.005383910937875811,0.9764444430669149,0.002694278039077673,0.9761754671732584,0.002710359202003118,0.9742063681284586,0.0032859916775504865,0.9781531492869059,0.0021719677062164914,3
splice_sites_donors,Caduceus,0.001,256,False,0.8799065748850504,0.016420006084348012,0.9398888945579529,0.008194372010535357,0.9395818511644999,0.00828615983632202,0.931774377822876,0.0073995954103046185,0.9475225408871969,0.009223242073859769,3
splice_sites_donors,HyenaDNA,0.0006,128,True,0.9194636436609122,0.030505074791554898,0.9596410302015451,0.015349905328506228,0.9593999844331008,0.015213430032953978,0.9540724433385409,0.020630619571402706,0.9649168390494126,0.012723119494008974,13
splice_sites_donors,Mamba-bpe,0.0002,128,True,0.5975856414208045,0.017258007616091853,0.7971282005310059,0.009555436319185878,0.8022200281803424,0.007597047844826308,0.7739174641095675,0.022704035246306556,0.8341476091971765,0.028528946147348525,13
splice_sites_donors,Mamba-char,0.002,128,True,0.9292282082817771,0.025632703407000513,0.9645757512612776,0.012897961997434617,0.9639836333014749,0.013527509500978457,0.9650517106056213,0.008953097557134948,0.9630221182649786,0.019687786123403633,11
tf_0,Caduceus,0.0005,256,False,0.6719441413879395,0.010706038074179655,0.8319999972979227,0.00754982802467346,0.8437207539876302,0.004011070907738482,0.7893034219741821,0.017252722211627963,0.9066666762034098,0.015011120213429222,3
tf_0,HyenaDNA,6e-05,256,True,0.6707426259915034,0.00822011538652859,0.8302499999602636,0.005495870389639497,0.8433344264825186,0.003946391332664325,0.7835476299126943,0.015462226594212914,0.913833330074946,0.022098261073091426,12
tf_0,Mamba-bpe,0.0001,256,True,0.6425691384535569,0.01651636791202667,0.8149230709442725,0.009987175927269791,0.831024000277886,0.007080034963881453,0.7654158243766198,0.019062598677906363,0.9099999987162076,0.023874672056954836,13
tf_0,Mamba-char,0.0002,256,True,0.6707376182079315,0.012813215260944458,0.8300999879837037,0.006657483480424729,0.8437414407730103,0.005787226016280897,0.7812095165252686,0.00997256576372194,0.9173999965190888,0.013201018001829708,10
tf_1,Caduceus,0.001,128,False,0.7293221155802408,0.023494375429587887,0.8589999874432882,0.010148884235572137,0.8702096541722616,0.010744778979809928,0.8057584166526794,0.0028102964838513634,0.9459999998410543,0.021633310165558202,3
tf_1,HyenaDNA,6e-05,256,True,0.7060418973366419,0.012347750664395484,0.8480833272139231,0.00880556549942164,0.8594251622756323,0.005430883405234125,0.800777330994606,0.019239818128110917,0.928166667620341,0.017877532402904964,12
tf_1,Mamba-bpe,0.0002,128,True,0.6832866668701172,0.015439322525607504,0.8363333344459534,0.010696918903529598,0.848500852783521,0.006721187397278044,0.7916227380434672,0.026726358031073736,0.9161666631698608,0.0312579611986784,12
tf_1,Mamba-char,5e-05,128,True,0.6911670684814453,0.009373384175983313,0.8403000056743621,0.005229186554751505,0.8530545353889465,0.0041607404704550825,0.7901134431362152,0.008041304148397734,0.9269999980926513,0.007195680792726605,10
tf_2,Caduceus,0.001,128,False,0.7213315963745117,0.016597174277384646,0.856333335240682,0.010016642851551995,0.866081953048706,0.006840752124386954,0.8123044768969218,0.02638788059728303,0.9286666512489319,0.02715389213671234,3
tf_2,HyenaDNA,0.0006,128,True,0.6707232811234214,0.02244352758785919,0.8333636197176847,0.011342605643162008,0.8414528965950012,0.01083782665528166,0.8028214086185802,0.016295354306445225,0.8845454508608038,0.02120548777694474,11
tf_2,Mamba-bpe,0.0001,128,True,0.5714065432548523,0.014045505760271497,0.7819999960752634,0.006695769654583456,0.7972069153418908,0.007563153818757762,0.7455315635754511,0.013688125473751112,0.8575384616851807,0.027400167246071114,13
tf_2,Mamba-char,0.0002,128,True,0.6133378326892853,0.024264661025865157,0.8023000121116638,0.013663002598399358,0.8174106180667877,0.009923461970435131,0.7602796256542206,0.01984505542263149,0.8843999981880188,0.013688607899636704,10
tf_3,Caduceus,0.002,128,False,0.5674852530161539,0.022477997861513655,0.7790000041325887,0.013114858178546683,0.7968452970186869,0.00955625201803755,0.7380629181861877,0.02096669308892903,0.8666666547457377,0.025166122363274476,3
tf_3,HyenaDNA,0.0006,128,True,0.519310712814331,0.019505529368104766,0.7573636390946128,0.009982719614354874,0.7715512297370217,0.008918461102502913,0.7293742895126343,0.015738009921963714,0.8196363720026884,0.022446710505127615,11
tf_3,Mamba-bpe,0.0001,128,True,0.4802663784760695,0.01690826737020775,0.7359999968455389,0.010969653799684115,0.7562816463983976,0.008449040702171945,0.7034548154244056,0.020515239204490596,0.8196923090861394,0.03561691397940251,13
tf_3,Mamba-char,0.0001,128,True,0.4847291558980942,0.02168325204990964,0.7394999980926513,0.010710845068869611,0.757248854637146,0.011030741069344647,0.7091102778911591,0.012761897626435391,0.8129999935626984,0.02435387043247318,10
tf_4,Caduceus,0.002,128,False,0.799480676651001,0.011173981328170086,0.8993333379427592,0.005686233882650145,0.9015087087949117,0.005283522357941154,0.8825606107711792,0.008611385052870313,0.9213333328564962,0.006110080792092064,3
tf_4,HyenaDNA,0.0006,128,True,0.7492356181144715,0.015835725299936793,0.8738999962806702,0.007852104190105742,0.8775710761547089,0.007821661466260309,0.85271657705307,0.008221746201794174,0.9039999902248382,0.011623734700443042,10
tf_4,Mamba-bpe,0.0002,128,True,0.6967356434235206,0.020758658267712865,0.8482307745860174,0.010377487531992368,0.8487260845991281,0.010938672223774941,0.8459385816867535,0.012971354120177955,0.8518461585044861,0.018911406487501572,13
tf_4,Mamba-char,0.0001,256,True,0.705695915222168,0.006047681594437252,0.8512000024318696,0.0030840104605747275,0.8578388333320618,0.0031825519245700603,0.8212987244129181,0.008174172210230948,0.8980000019073486,0.012328829355338957,10
